resource_state,athlete,name,distance,moving_time,elapsed_time,total_elevation_gain,type,workout_type,id,external_id,upload_id,start_date,start_date_local,timezone,utc_offset,start_latlng,end_latlng,location_city,location_state,location_country,start_latitude,start_longitude,achievement_count,kudos_count,comment_count,athlete_count,photo_count,map,trainer,commute,manual,private,visibility,flagged,gear_id,from_accepted_tag,upload_id_str,average_speed,max_speed,has_heartrate,heartrate_opt_out,display_hide_heartrate_option,elev_high,elev_low,pr_count,total_photo_count,has_kudoed
2,"{""id"":68777098,""resource_state"":1}",What my phone tracked ...,3473.1,1154,1168,13.3,Run,0,4562537646,6770EC39-7DD1-40B6-9E56-20998E512036-activity.fit,4874436508,2021-01-03T19:00:00Z,2021-01-03T14:00:00Z,(GMT-05:00) America/Toronto,-18000,"[43.029352,-79.285822]","[43.029291,-79.285771]",,,,43.029352,-79.285822,0,2,0,1,0,"{""id"":""a4562537646"",""summary_polyline"":""mdseGlo|bNLGHBNNHXFH@b@@HB@VGFKNABChBY`@@L@VGd@BXADDt@BJGF?HBPAJBVKJAL@TNFLBPI`@?`@BLARC~AB`@Af@@X?fA@b@KNAJF`@ANPXJBLHHCBDH@RANFVAHBPr@Pb@Bb@Gn@JNj@HRGJHH^@p@Z\\D?TGGJ?BFCN@NED@`@EBEH@FA\\HXCRBNC^DR?VFN@NCLDHC\\BZAHGPFNAVDLEz@FHELCTBDAD@BAHCDUBEHAb@AHFHEF@HCRDJHPF\\@JBl@?\\JFFFHBLE\\@VEn@BVCf@AF@FEND^AjA@PPRDXEV@\\ANBn@A`@@REb@@PMl@Eb@B`@E`@DHCN@NERGz@Ad@G^g@CMBQ@UCIDOBKACEK?EEE?QFUGWAKAG?e@GSFIASD]GYF[GC@YEEBq@?GBMASBGAYDk@IM?MFk@AMBKEMCk@DMCC@SG_@@OKCIBE?_@A}@Cc@@KGQIGCUKQAW?QDa@Ay@FWEG?e@Hg@@UH]@UEa@GS?s@Ai@CQBM?u@I_@@aADO?YGSCg@Fs@Oi@[SMCIGUEMQGi@BeACOe@WYAOEy@@IMG}@DU?}@Gi@DMAWDKE_ABOCkA@MAo@BUE[o@i@WGMDUEQDYEYBQEEBg@CCDECMB_@EEBK?GFOA_@Ha@PM?KBKHGAGDKAIDKCWUKcACKC?"",""resource_state"":2}",,,,,everyone,,g7365881,,4874436508,3.01,4.2,,,,194.9,185.8,0,0,
2,"{""id"":68777098,""resource_state"":1}",Walk / Run with the brother in law,3252.7,1547,1547,7,Walk,,4557748488,C4F9B3F2-7C01-4F61-8FDD-96697F7B1D0B-activity.fit,4869391722,2021-01-03T02:44:29Z,2021-01-02T21:44:29Z,(GMT-05:00) America/Toronto,-18000,"[42.973696,-79.255162]","[42.973769,-79.255179]",,,,42.973696,-79.255162,0,2,0,2,0,"{""id"":""a4557748488"",""summary_polyline"":""qhheGxovbNLIJ@JCD@t@CDEJEX@PCPBHEn@ARIr@KF@VIDCF?NGHBHCF@fAKHGb@@b@ON?FCN?HAJ@NIZCFGZBRGD?lAQFEL?DAJ@jBa@P?VMJ?VEFGN@LEd@En@QP?RIVIX?NGVC`@K\\CVKPAr@Sh@GVMHAFBTMn@GNKVEF@VIP?t@QT?z@WR@TKJMD?LK\\KZEN@LE^CFC\\EXI|@MHEl@GLGF?HJBJ@JGz@B`ACfBFjBCh@KVYTc@l@UPCHKFILIBOFYBMAKBUBMB[?YJM?GD_@@OEEGOBk@?KF[CMPM@OFOAGHW@OHk@BOH_@BUJi@@GHUBIFMCKFMAKHq@JIA[LGCOBGD]@qANMDO@YJK?c@LCCKBSHEAu@JeB\\Q@SCIBc@?IB]BMAEBGASBMCMBOAo@BKCMDa@BKBSAUDSAGBM?C@[DCAS@IBa@BKDG?m@JK?YFo@DAAGWQBD@\\IEGG?CDGBOAMBGDEAABU?c@DEDKCi@NE?SNOd@KPMf@Cn@E?_@d@IDSFK?OCKMAMU]AMB_@?i@Aa@?SAU@YCk@BGE]DSDECSDQCs@Du@AOHWHIXANGHA`@OJIJALLPAD@"",""resource_state"":2}",,,,,everyone,,g7365881,,4869391722,2.103,6.9,,,,177.6,173.3,0,3,
2,"{""id"":68777098,""resource_state"":1}",5K but watch hecked it up,3884,1317,1320,14.9,Run,0,4546883495,,4857907868,2021-01-01T01:23:30Z,2020-12-31T20:23:30Z,(GMT-05:00) America/Toronto,-18000,"[43.173823,-79.470282]","[43.180415,-79.479068]",,,,43.173823,-79.470282,5,4,0,2,0,"{""id"":""a4546883495"",""summary_polyline"":""kkofGhp`dNPANDDDl@It@Dl@CTGVDp@CJBVKb@AV@JBHEd@FHEJAJEb@Dd@AJEn@KVATBNEV@HAJBJAd@N\\@`@J^@\\Ft@Dj@E^DJAN@RGJCRB\\Eb@AHKDIHEJ@d@PL@THJNNHZD|@^|@n@NFnBfBFHHTXXRJFH^NLRPPl@\\|@r@JBPCH?BBFNAJU|@In@_@~@IJKTM\\CX[`ACZYp@WdBi@tBKl@]`AUhAKZKt@]bAG~@k@lCIx@Od@Kl@Un@O|ACp@Sz@GJ_@bCMZOj@e@x@KD[Eg@SiAOUMIEM?k@QqAEODCJAVEZMVEFSFEJ?XALI\\KDWBoABWDM?WGc@Bc@EWB_@NUD[@KEGM@iAEcACKe@c@s@_@QSa@IKGUCa@@e@Ew@HU?c@Fm@A_@JKEIQIg@Ug@Ks@a@q@KYAw@Ka@Ye@]c@g@wAEIKEs@FYLQPg@ZUPK@]V_@Je@TK@c@Co@BKBKHID[AQDM@Ud@IXS^Qd@GJUROVi@v@SPm@Je@Pg@@q@KaADUCw@JUAi@Ny@IIAGGI{@Ao@ByAGiAE_@Ci@D}@"",""resource_state"":2}",,,,,everyone,,g7365881,,4857907868,2.949,5,,,,108.7,89.3,1,0,
2,"{""id"":68777098,""resource_state"":1}",Evening Run,6891.1,2371,2406,33.6,Run,0,4542033720,45220325-F603-4A15-AE28-DFD127B635F4-activity.fit,4852732966,2020-12-31T00:41:06Z,2020-12-30T19:41:06Z,(GMT-05:00) America/Toronto,-18000,"[43.202951,-79.265519]","[43.20299,-79.265548]",,,,43.202951,-79.265519,0,2,0,3,0,"{""id"":""a4542033720"",""summary_polyline"":""maufGnpxbNf@e@NUL?\\J^RVRHRZDRRD@PI^Ar@DDAN@PARBFBHCVDDAh@BBDd@XVFf@l@LFvABXGJ@TE|Aq@TST_@Ts@RkAXmELo@r@kAp@}AxA}B\\{@b@q@nAaCn@eA\\]n@eALYHGj@H@Dd@LBB^N`@F\\NlAXJJTJn@Jn@VZPj@Pt@X^Jp@Vx@PpAh@ZFTFBD\\F\\NXTR@PJPDx@\\j@ZVHRLBFWp@WhAQp@OnAY|@Kl@Ul@EBm@jAe@nAs@~AOf@URSB]Ng@h@]RIDGAE@q@t@a@VKBQ?[LQGa@By@I_@@E@CGLG`AEn@U^CLFHNXNHFD@?CB@b@c@F?BP?f@A^WvAUf@ODWLMRULG@CCwA_BUOMDYT[R[D[@c@Fw@?OE_AGK?q@Io@?YEuFWKBKXGFYD[My@U]?q@MgAKw@QSOIQMMC?IJE@UMy@gBi@_AOe@II}A]oAQ]?YCoAAUGk@`A?JZb@N\\Zj@N`@f@j@V`@Xr@`@r@`@`A~@tAJZRhA?LEN_@b@]n@Pf@|EjIL\\JNHRTZJVPVTp@n@r@Xr@X\\HD\\x@DPx@hAr@pAFFRd@T`@V\\l@pAPTDNh@|@\\t@V\\|@dBd@n@d@bAFPRV~@bBd@n@Tb@?HMp@OZORGBABE@EPGLeAhAK?W[MSGU[e@w@sAc@aAeAgBUg@Y]Ui@aAyAy@}AUYc@y@[a@M[e@u@g@mA[_@KY_@g@c@aAQg@QO}@oAQa@c@m@a@u@Si@[k@e@s@a@s@MIKASWIUeAmBm@qAOOSe@QUa@q@Y_@Q_@i@w@o@sAo@gAG[Ug@c@s@AOB[\\q@xA{Ah@kAPMNW`@c@~@qA?OIYm@]UKGKQMKASKIAy@~@IC"",""resource_state"":2}",,,,,everyone,,g7365881,1,4852732966,2.906,4.1,,,,90.7,76.5,0,0,
2,"{""id"":68777098,""resource_state"":1}",First run over 5K,7000.5,2373,2525,8.7,Run,0,4531695519,64C9DE28-3995-4F61-9C70-60CC8AEC04DA-activity.fit,4841786204,2020-12-28T22:14:59Z,2020-12-28T17:14:59Z,(GMT-05:00) America/Toronto,-18000,"[43.029253,-79.285789]","[43.029356,-79.284337]",,,,43.029253,-79.285789,4,3,4,1,0,"{""id"":""a4531695519"",""summary_polyline"":""ycseGdo|bNPEDIMuACGMMEUFo@@c@EQHm@B_@CE@GC[D_ACEAg@DOK]F]AGCE?GH[ASBKAOBECmABOAQGO@WBKEO?WFYKq@?[B_@COF]B]NUL@PGXDVC\\LDC^FREb@NTE`@JJCDERDJGd@@LITJ|ASDBHCPDn@I\\DREVLFEF@BE\\Fv@Ib@HVEBDHG\\Bl@I`@D\\En@B`@ITDTCBCZ?HFR@b@MTBh@AZNRKf@DPKZHTQJAJH\\A\\Fp@KNBNC`B@NFVEJBTEf@B\\Id@Dz@MZBl@G^DLEf@F`A@R?b@QLHN@r@Ib@Dr@K`@@d@Gf@BNE\\D^CPBNE\\BHDh@Ad@DJGX?\\NXIx@AlB[Z@TINCDERGd@C^QR@h@]v@KZKRMF@`@Wb@MTUR?\\WTG\\YRIJOF?X]j@a@LUNGj@m@JANSp@i@FKLCJKBGHAJQFARSZQBITKDITSRKv@y@PIHKLI^a@ZWHKD?@Gn@g@h@[Te@V[XSDKJCR_@VQHOJERQD?ZWHCJMLGJSTKh@g@|@c@X_@NWRMT]NKNW\\Sj@g@TKT]p@i@x@}BRPWf@b@_@PI`@_@TM[RO@WJWTG@KPI@OVKBKR_@TGJK@KN[NEHSLWVOFYVMTOFORKBUVy@f@U^a@XSVMDa@f@[PWd@a@XIB_@^WPORQFs@p@OJG@g@h@_@LEHI@GNSVGVSHMLGAU\\MFk@r@MHAFUDQPKTKJ?^CDw@RURg@PGH]TEHc@VKNGDGNG@SVOHi@b@QVSDAFSHEACJUNUHY\\G?e@PU??HIJK@e@d@KAUT]DMEu@NQAm@TSB_@PUAw@NKFO?e@He@ASFw@@WE_@H}@@YEOBQEG@c@Cu@@ABg@AMG_@DEBUBGCMF[E}@JMCKBMEg@?UF[@IEODWEMD[Go@Do@?MBk@GSBEEa@BEAM?UJWAWDk@Ka@HMGYH[CQDKGMFSCIDi@OKDQEw@HYGsAD_@CKEk@?WBQC]BGEW?YBm@Ac@F_ACIDYA[Bs@CaANo@Fs@DIHCRa@L]MS@OEEDSCIBMGe@@]LOEUFk@?}@HMIg@Ja@GSHW@UAKGg@FSEIBWESLK^CPFTOf@BVEVCp@BD?J@FCN@NCVBP?RFTGTCr@CF@Z?z@@NFJJz@C|AD`@AP"",""resource_state"":2}",,,,,everyone,,g7365881,,4841786204,2.95,10.4,,,,194.7,184.1,0,5,
2,"{""id"":68777098,""resource_state"":1}",Back at it,5092.2,1610,1762,11.5,Run,0,4509943464,F2E5A66E-7659-4D80-B7FD-33111373032A-activity.fit,4818725290,2020-12-23T21:35:28Z,2020-12-23T16:35:28Z,(GMT-05:00) America/Toronto,-18000,"[43.029216,-79.285786]","[43.028919,-79.287064]",,,,43.029216,-79.285786,6,5,4,1,0,"{""id"":""a4509943464"",""summary_polyline"":""qcseGdo|bNB?@K@gASi@G{@DU?a@CMBe@@q@Ck@?sDBg@F[Cc@Bu@A}@Iq@F]AYBKAQEQ?c@CGDi@NODALDh@ELDPCXBd@ED@LATHLCX?PDZ?HBJCD@`@AN@FCb@BVCVDD?HGT?l@E\\BJEPAJDf@?PBTCFEJDL@\\CHBLABEHEZHT?VETDJEF@RMRFVBFEH@LAJBN@LGTBLEVDNILE^CRO^EHQDAJ?FDL@N@FEXBFAVBLGTADCL@PE?@D?LCR@HEv@JDCRBHAT@JDR?PEVBNDRCHBLELBLGXHFALOV@LFLGHBPGZBPERANBLAHELNDAZBBEFAJ?PFb@KTF^ALBZONDZCRLLEBBJARBn@GTGL?FAH@d@GPBFCp@EJBPCBCz@D^CRDPCf@BFENAb@FXEZBd@E`@KHFVGTAHEJ@DCNANIXEXKf@KJADEN?RMREBCRAMBSLSFYCUHS@OFIAMHUBMDU@KHS?EDYFg@?MBg@BOAQDICEDG?KCI?ODCGG@IA_@FECABCAWFKCI@UKKF]AG@KCQFGAKB_@CCBEAI@EAIBMCg@FIEg@H_@ASEIDQA_@FECWAYHKEc@BMEOB]C{@@KCKBKAO@]AOEc@Fc@ESBECEDKAIDq@C[HMAK@GCSF]E[@SCc@Bc@H[G]@KAIBKGKDGV@LCHC`@GX@VJT?j@BDCPBLCP@jA@`@DFCrABL@XETBHEj@Dz@ADBp@A^EXD\\C~@BLCPD`@?d@EpADv@B??@CbADRA\\BXAJBx@QfACf@IV?NCFAZIb@ITOp@QXUn@_@`@MZU\\AJEDOZGFK`@XNGBAHI?CFQL]f@O?[WOEQ?CEU@EBIAIDg@EI@KCC@KCEDUE_@DCB[IYDMHOEQJe@CK@[AEAW[MIKDMEQCEFGFGJIB[TE?EDO?SGEEKGOAMI[E]SMa@Ca@EI?IDSVWJWFi@Co@Yo@IKGCKD}@Ca@BYGIDW\\Eb@BTENQRWHM@MYKs@Mc@Cc@Qy@G}@K_@?OEO"",""resource_state"":2}",,,,,everyone,,g7365881,,4818725290,3.163,5.3,,,,197.3,187.9,4,2,
2,"{""id"":68777098,""resource_state"":1}",Dad Strides 1 Mile TT,1609.4,431,431,0,Run,0,4498646582,,,2020-12-21T02:02:31Z,2020-12-20T21:02:31Z,(GMT-05:00) America/Toronto,-18000,,,,,,,,0,12,0,1,0,"{""id"":""a4498646582"",""summary_polyline"":null,""resource_state"":2}",,,1,,everyone,,g7365881,,,3.734,0,,,,,,0,1,
2,"{""id"":68777098,""resource_state"":1}",Just getting moving again,1918.7,640,682,29.5,Run,0,4483794184,453B402F-EEFF-48FA-98C2-4BF3EB3C2E62-activity.fit,4791111868,2020-12-17T16:28:07Z,2020-12-17T11:28:07Z,(GMT-05:00) America/Toronto,-18000,"[43.029247,-79.285753]","[43.029221,-79.285767]",,,,43.029247,-79.285753,1,4,0,1,0,"{""id"":""a4483794184"",""summary_polyline"":""wcseG~n|bNHBDJJ^DbAEFID[FAEc@J]KGE]GGGQEG?KGQCMBUAE@ECKFGJKDGCMDML]JYPE?INEZDZAH@`@FRG\\DRAH?RDVGXLd@NvBJb@HHDv@Ab@EPEAMBOAe@LYAa@IEBQKWE[Kq@Ma@SEGG@GFUAGHUfAKZ@RGt@GDi@AECKAg@H@AACMAGBMAYBSAWBCE_@BIAgAAGCGGAe@AKB_@CYA{BB]AQ@YCQ?a@@QAuADGZFF?LDT@REVFR?FBd@YFKJ_@HQ@QPM@INOBIBQXc@AGFg@@W@AH_@NMVBNA`@Dh@ITB`@ANDHEVHBC\\L\\PTPVNLRHDn@IJGHBFKVGFGXGFE^CNBRCj@DXLH@FFL?HDRIh@s@@QEGG[GKEAEMVI"",""resource_state"":2}",,,,,everyone,,g7365881,,4791111868,2.998,4,,,,224.6,194.6,0,6,
2,"{""id"":68777098,""resource_state"":1}",New kicks,5005.1,1485,1738,0,Run,2,4403628355,2E58FD5C-7538-46AE-8321-AE91C46B8AB7-activity.fit,4706570945,2020-11-28T18:11:33Z,2020-11-28T13:11:33Z,(GMT-05:00) America/Toronto,-18000,"[42.996622,-79.245908]","[42.996451,-79.245824]",,,,42.996622,-79.245908,6,7,6,1,0,"{""id"":""a4403628355"",""summary_polyline"":""{wleG|utbNGOQM{@a@WQWG]W_@g@GC_@k@[[CEGGEIQI[c@UQICMOWGYe@MGEKWMMUMMm@s@OMKAUWMGU[ICGMQCKOKEMMQYMEOMICKIQKMOUMYSUKcAs@e@UGIGAAEKEI?_@Uq@WMOMGCII?o@_@e@QOMi@CUDEGG?YKWESGOCc@O[AIGK?_@GCEG?EC[COEM@QCO@OG]GECI@KES?OG[?QG[@CEICMDUEm@DQCCDECOC[FQKEBW?QOG@g@@CCSEIAGBEAIKGCS@UIi@?ECWCk@@MEI@WEQ?c@SAEc@?QGUCSEOAI@KEY@I@c@IM@s@Q[?MGe@A]IE?UIE?CEIDWIKBK?MEi@AYG]BOEK?CCS@_@GE@MHYI]@GESGQDKA]KQQ]GO?KGUAWOQ@]EGGYEUAOEUCG?UKMASK_@IYOUEk@QI?SMSAa@OYEEGICG@GKq@UCEOEIKWIKACEIAIGOCIGK?[UIAUKCGQG[ENBj@ZHAJL`@LHLNDn@b@JDRTPDDAJBDFh@NTDDDPHD?DFD?DDD@FFRDDFXJJ@PFZFDDNCNJHAVHJ@LAFHn@FDFPFVA\\HFCRJFFFAHD`@AZJHHN?bAb@F@LEVDLEP?HCVHPCXHNAt@L\\AXLXAZHb@?LDV?l@NBCF?d@JJ?`@Br@R\\A^HJIF?NBJ?DBZ@NFP?FBPBF?F@ZBPADCX@`@HL?DB^@JBj@@j@NDEPBFABFZAHF?Gb@BLAj@VFCJ?l@HFEl@NFFT?DBP?TBXELDD?DBN?JFNCDBTANDV?hAVDCHHHGL@RFXBLDN?NDV@h@RZ@NHn@LXRRB^T`@NHJXNF?JJPDj@`@JDbAh@XTfAn@b@`@XPFJVJp@f@d@n@TJJNl@`@TXJBHJJBDHLHX\\JFHHD@^`@RN\\^PTBF\\VV^ZTh@n@JFBFFBPVRLFHLBZTJBn@^NDLPP@NM"",""resource_state"":2}",,,,,everyone,,g7365881,,4706570945,3.37,4.9,,,,176.3,174.2,6,7,
2,"{""id"":68777098,""resource_state"":1}",Ded,5001.4,1870,1887,16.7,Run,0,4389505074,4D99ED0F-E665-4435-B269-C81629F01A72-activity.fit,4691644747,2020-11-25T16:35:53Z,2020-11-25T11:35:53Z,(GMT-05:00) America/Toronto,-18000,"[43.177274,-79.469488]","[43.180058,-79.471011]",,,,43.177274,-79.469488,3,3,0,3,0,"{""id"":""a4389505074"",""summary_polyline"":""}`pfGhk`dNE@?BLF`@FDBb@HDDNBDDR@JFNRVADCN?NS@GPGFDBF@z@DDVA^DHHNCJDb@@VHH?f@JFDDAPHJ@FAb@Nf@D\\?HEX?^Gf@@RGLD\\?LANIHBVEFBNCX@FCXDf@CFCv@@FBb@BNDdBWb@@JCR?l@I\\@t@GXHb@HFAJDLBDEJFP@VJH@LAFC`@FHCDBR?RDREBEF@RAHAR@b@Id@DD?HEBEDSHGB@h@XR@b@d@DAZFVLFHFBFJVJBF^XNXFBH?DFb@`@l@b@DJLFZ\\PHLHBAHN\\P\\XFFRHPTJBFHf@P\\d@C`@GNCZMRETG@AZGRGJAPKN?FEBK`@?F]`AAb@KLENGr@ITBHALO\\MHEPBJGZ?XKXIv@OFKL@h@CNGLSNAXM`@@LCLGBAHCRMl@IPCTWp@EVCDCN?d@KVAXILSpAIPCRCD@^QZGV@HM\\G~@GJATKZ?JKHAFKr@GJAH[dAEDKZIDOGIQQ?WOEBI@ICU?g@IMI_@Kk@AOMIAIGWEGHE\\MZCREHONOCEDIr@GXEFY@WGQ?ABYE_@Ag@H_@AEDOE]DOCIBIAu@FKIBSCKBUAIBKAa@CKOOGSE?WQa@O][IAG?MG]?ICYFECW@c@GU@WCS?ICIB[CGBy@@CI@UKg@e@kBY{@Kg@EEEe@Qc@I]Ua@AMCKUEISSGe@DKFQ@GAMD_@T_@LMRO@ILE?IHWLED_@LODQCYDk@ACBIBUJK?SBSHORKDMRIFQVKXORIVOR[z@EBAHEBMPSDEHI@MCEDaACK?GBYCSBk@EO@IFSAGDIAK@M?ECY@EESBGB]Ea@@EEAWIk@?{@Ea@D[G_@@SA}@AWCKAu@BE?y@DWCQ@AAG@?AW@GAUI_@?UDiA?{@Dg@?g@Eq@DICKBO?_@BQ?UKk@FMBiACo@Gm@Bi@?}@EmABsABa@Ke@Cq@BMAEBGAM@OAU@_@CoAD{AN_BLGh@H"",""resource_state"":2}",,,,,everyone,,,,4691644747,2.675,4,,,,108.7,88.1,0,0,
2,"{""id"":68777098,""resource_state"":1}",Small run before ball hockey,2003.8,672,767,12,Run,0,4386425456,D01EBD64-676B-42E5-98B2-422A73582EED-activity.fit,4688372456,2020-11-24T22:39:57Z,2020-11-24T17:39:57Z,(GMT-05:00) America/Toronto,-18000,"[43.029233,-79.285801]","[43.027683,-79.290366]",,,,43.029233,-79.285801,0,3,0,1,0,"{""id"":""a4386425456"",""summary_polyline"":""ucseGho|bNJFFHH^Dt@LDRI\\?D@XAZIr@AZUT@d@E^@h@F\\?b@EPJP@HHHBDJ@b@Ix@@RALJZEj@Nv@CX@^E`@GDAXG\\@t@Tl@d@?\\Hd@OLFHNJF\\BFDBXGp@DPEh@@FPXJBRGb@APBTED@VALGFIN?JCTCH@HJH@FFNBHDhAER?DBV@NJ@LADYn@CRk@z@G^[b@CNKTGDQ^IHi@|@EX_@n@E@Q`@ILER]ZOd@Ip@?f@EDEv@FzD?RERc@?KBKAKGE@O?KBg@CMBMCQBQCODYBQGKBECM@GCM?UFQ?UEG@EAMAa@FKC[HEECSBWQeADYBA?MT??IMi@AOMg@@SGG_@sDC_B@OBIAWJk@Ng@R[Fa@^aA@]CMCE"",""resource_state"":2}",,,,,everyone,,,,4688372456,2.982,5.4,,,,201.4,189.1,0,1,
2,"{""id"":68777098,""resource_state"":1}",Hard to be cold ðŸ¥¶ in this fire ðŸ”¥ fit,3192.4,1021,1379,18,Run,0,4381466945,0FE05F5B-61B3-4477-BB5F-1C8B522163D5-activity.fit,4683115674,2020-11-23T21:13:25Z,2020-11-23T16:13:25Z,(GMT-05:00) America/Toronto,-18000,"[43.029298,-79.285764]","[43.029413,-79.28312]",,,,43.029298,-79.285764,4,3,0,1,0,"{""id"":""a4381466945"",""summary_polyline"":""adseG`o|bNPEHEBK?GIYBSCSOIo@GCOMNAAE@EAw@?IEOFEC}@?UAE?KDK?_@GQDSESJUGGBEE[B[@a@G[?KCeABSCM?KE_@H_@AEA[F[@MCGBm@AIBc@COBECq@CYBcAGU@IDMEc@D}@EQFYEMBQEQ?QDCCG@ECMDECKAQHGEMCODGA]JYCY@GAKIMDKA]@SGS@GAI@MFK?OEo@JGA]@WAEBa@AEC[DKL_@@UCEDEAo@?OAWBQGIBU?GE]CCB_@C]BQIa@LKEg@BQDI?KGSDCCc@@ICUDq@AEIAQ@ECECYUg@DYC[@_AAU@QEO@s@Eo@Bg@C[Bq@Ca@Dc@GOEW?qACE?}EPe@@WLML?FBH?J@NEH@TGHFJ@TEJ@DCH?PFDHTK^@BDDZFBNAHBHCRFHCT@PEDDx@GHB|A?H@NGt@PNAL@^?ZDR?LQBFBCV@TEb@BJMZJLGRHNKD@HABDH?NEPBh@AVIF?ZH^Ix@BHDp@?DCPD^EDAJ?FCL@HC\\DvEBDEF@b@A@GH?DDPAD@H@ZGNBTADEPDb@@^Ab@FHALBZ@RC\\@LEZ?TEDBZb@RHLEL?\\IHFDCF@H?JIrDEh@@LCL@FCRFBF@h@IfBCA?FDR@PEP@FCH?`AC^DN?JCH@FEZ?d@ERBn@"",""resource_state"":2}",,,,,everyone,,,,4683115674,3.127,5.1,,,,212.7,191.7,0,2,
2,"{""id"":68777098,""resource_state"":1}",Run home from the seggy ,1707,572,590,2.9,Run,3,4371436121,D4D16BA5-4C46-40DC-A4F3-F5760AFBFFF4-activity.fit,4672326058,2020-11-21T21:00:36Z,2020-11-21T16:00:36Z,(GMT-05:00) America/Toronto,-18000,"[43.039581,-79.280474]","[43.029224,-79.286034]",,,,43.039581,-79.280474,3,3,0,1,0,"{""id"":""a4371436121"",""summary_polyline"":""kdueG~m{bNFBJAb@BHEh@BRGTBRAJCLDZ?RCFBXKNBT?RFRCf@Bx@CZBZCJ@LERB^A\\DFCJDXCJGTAR@`@Cr@BF@JCPDHEh@@HCP@JC^BHDJCDBXAVBRELDZENF^GHBV?XBl@At@BHId@AL?HDL@P@RGd@DXCL@FBPAHBZ?VBHAJGD@JPARLHZGN?@BJCDBd@@JCdA?LEHBHADBh@CTEF@\\AJ@j@EDBDNCND^AN@RIZ@vAA`@@BHJBp@?j@CD@PC^?^ALEFBj@GVBD@x@DL@FK\\?|@CFBv@AH@\\@FALBHCVFj@@LCRJp@Zj@D`@Jh@NFEJUCKSAUGM"",""resource_state"":2}",,,,,everyone,,,,4672326058,2.984,4.1,,,,195.5,191.7,0,1,
2,"{""id"":68777098,""resource_state"":1}",Testing Segments,3310.8,1119,1202,5.6,Run,3,4371387974,3FEE97CB-3059-440D-92D3-BC0008D5E9A8-activity.fit,4672275422,2020-11-21T20:34:49Z,2020-11-21T15:34:49Z,(GMT-05:00) America/Toronto,-18000,"[43.029304,-79.285763]","[43.040596,-79.280475]",,,,43.029304,-79.285763,6,4,3,1,0,"{""id"":""a4371387974"",""summary_polyline"":""cdseG`o|bNDCHBDE@IGSA[Jk@EOIEIW@{@Fe@GcA@WEYBG@KG[@UAK@KE]?oBFSC}ADa@C_AGo@Ak@@i@DUDy@DKDCLCj@@ZGDBT?HBb@BFAP@TDHEZDHDP?`@NXEXDn@KXDHCH@NIH?NKZAZFJCJMPId@DDCP[N?NEV@NCHBLCLBNAFBVAHAR@DCD@j@ET@`AGXBJCL@d@ERBZE`@DjAA^C\\DDEXBhAA?@M?EBe@?sAGMGMBKAMBYC]FQCCBM@QCKGGBO@KBq@CUFMEK?a@DYGE@CFOCQBY?K@KCKDWEG?IFEAEGQB]GMDm@AW@EBQE]BKA[JWASIG@k@HS?KB_@EO?KDCCWAGCMDKCWDICSFKEYCg@@K@ID[CUBEAI@KEQBECKBKEE@GCGBOCMBc@CE@MCS@SFM?KEUDm@?ODOEE@UCK@GEO@GDo@FGAUHSIWEQ@_@A[B[EU@QIE?gAHSEQBEDW?ODUAQBSAIEMAKHMBOIOASDK@ECUFKASDCDWASEG@ECKDKAEESAO?KFYCo@?QJm@ICBO@UCSB]CIBUCOBc@?IDKEY@QDEAEBK?OEa@?QEWBCC[@{@JSGe@FSCODIEQ?KCCDe@BMEq@FKAAFM?}@OuBHYCMKUL"",""resource_state"":2}",,,,,everyone,,,,4672275422,2.959,6.2,,,,195.9,190.2,5,1,
2,"{""id"":68777098,""resource_state"":1}",Small run today,3017.4,1003,1193,4.1,Run,3,4366053323,B0B8176E-7923-4015-9CB8-F6371CD6BDC2-activity.fit,4666654289,2020-11-20T20:05:33Z,2020-11-20T15:05:33Z,(GMT-05:00) America/Toronto,-18000,"[43.029295,-79.285617]","[43.029401,-79.281466]",,,,43.029295,-79.285617,4,4,2,1,0,"{""id"":""a4366053323"",""summary_polyline"":""adseGbn|bN@VDDF?NEBQMk@DMC]Sm@Ge@Bk@?iD@CAYDe@GqABc@AWBMCi@@w@Cq@Bi@EOBOAQI[?i@Bo@?e@ECM@_AMOAUDe@CECa@@[GEDKASEQ@[GEBU@k@JGE?WKSI?QCCFIBKCk@Cc@Im@JMIIBECm@LIACCe@?QBQ?ICU?]DW?WFKCKBOAYBQCSDWEE@MAK@IEU@g@GYFYAuAPYAOBQCKBc@B]Eg@?KEa@AWDg@Ei@HOAGBKAWF_@EOESDQ?GCy@?GCGEE?[Fm@Ee@HYCSBi@GKBUAMBSGo@Dm@?e@FCBc@EO]DH?JDFPHt@E`@FHCND\\CF@d@Er@@v@It@F`@EPGf@PR@h@@d@C^D~@Cp@CFCFBf@AF@TI\\BDCH@HAb@@JBbACJBPCF@`AE^B`@ALBHCNFP?PGfA@NCD@TE^?n@HXIn@HHC`@?HCJBV@DBRATCJ?NE^DPCNBPC^BNEN@FEf@GBBv@Md@F\\@d@ID@@PHBVPN?JJx@DHEVCDBJ?FBTBDD@JEz@Fv@Cd@C@"",""resource_state"":2}",,,,,everyone,,,,4666654289,3.008,5.2,,,,195.9,191.7,0,5,
2,"{""id"":68777098,""resource_state"":1}",Iâ€™m dying,5126.7,1775,1797,16.7,Run,2,4356453974,D8D10122-1ACA-4BD1-BE43-103C885BF0DC-activity.fit,4656513952,2020-11-18T16:35:19Z,2020-11-18T11:35:19Z,(GMT-05:00) America/Toronto,-18000,"[43.177234,-79.469519]","[43.180401,-79.472393]",,,,43.177234,-79.469519,5,4,2,3,0,"{""id"":""a4356453974"",""summary_polyline"":""u`pfGnk`dNM@?BT@ZHNAd@RTBVLFPDBl@EDCH[NGD@DFFz@DDv@CJDHEJANBHFJAPLZ@LHN@\\RR@VFHALH\\Db@CLBXCb@?PAZDTEDBXAJ@j@IF?LBHADBXIFBVC~@EHCTFTAHFR@HCVDJEH?BCF@XC\\GXBFALDt@On@AVGRBFFPAx@HBD^JJAHFr@EVBbA@FFHE\\GvAAHCHQPMPDHPFA^FPPB@DCBILIPFf@d@JNNHRTBFJHLPt@b@JNNHT\\NJP\\PNl@V\\^j@Rb@`@JDFLZNL?JJHBJL@JAFQ`@_@tAG^KTQbAEPCB@FGFAL]dBCLS\\CVIV?NEJ?JIRCTEJATI\\GLERKNGVIJUD_@OOAGL?NPFN@HALFDBATUbAGh@KT?TMj@KTQv@GJQt@?NBDa@tAANMTER?JOt@?PQjAKXE^AXCH?NIFIZ?LK^CXETILi@bBEBK?SMQESEG@SECCc@CKGg@OKGGAC@ICK@MGGAEGa@CEDM@CFMn@ET@DWVKAE@GNIr@IZS@q@Ia@DSGIBMC_@?SDEAe@DQCUAICI@QC_@?GGAmA@MEYIK_@UEGWKWSGAMIG@OGGECG[COD[Ec@@ECKBEAYBm@CU@GAIDM?IEQBIAEI?UEWO_@I_@OQIg@Sc@?_@CGOIBIGMKa@IWU]KYMQCOGI?MCMMMg@Ek@NURSHKNQFOLODIJ[LYXODY?k@DMEQ?MDIAIBUA]FWJUT_AzAM\\GJE@ERMRCJGFATEDYVKDEHU?CDS@QAY?GB[EOBm@@ICODQ?e@IKBMCE@QAi@Ho@AKFKCCIBOAg@@OEqA@g@Ee@@ICq@BMGe@@MAw@DEEIBeAE{@@UBIGi@@G?[@[Ac@D{@JINBT?DDB@TCNDTEH?FBDELC^?FADUCQIIIBSKOAOGU@EESC[?]GE@KACGBo@Ec@Ba@As@CS@g@Cc@AgABUCGAu@DeAEMAg@@aAGYD]Cy@Dc@CK?g@"",""resource_state"":2}",,,,,everyone,,,,4656513952,2.888,4.5,,,,108.7,88.1,4,1,
2,"{""id"":68777098,""resource_state"":1}",Uh oh ,3725.8,1450,1650,18,Run,2,4338891854,3C919C13-B60C-4223-877F-7FB2267E2A6B-activity.fit,4638071663,2020-11-14T23:17:53Z,2020-11-14T18:17:53Z,(GMT-05:00) America/Toronto,-18000,"[43.029185,-79.285854]","[43.02934,-79.285791]",,,,43.029185,-79.285854,4,2,0,1,0,"{""id"":""a4338891854"",""summary_polyline"":""kcseGro|bNAIFUAq@BSGQ]Eg@Fi@AU@KCIB]Am@AeAMYBUAW@SKG?YFEBc@?GBQEk@@SCCCq@HGC]?CCc@?QESHMCa@?ICs@HIAO@YAU@SAGDk@EMBQEe@DSCMAGBSAk@BQAKBg@CKB]A[BECO?IBQC[BQEMBWCOBCBICMBs@GO@MCYBOEMBa@@UBYAKDECsAFSEe@D_@Cs@@K@KDOCKDSGISELK?FO?BFC@BACG@QRMDU?K@OAKBIAW@YAIDQ@e@ACC}@ASBa@AE@_@?GCODIAKB]AO@CD[AGCGIQDCAg@DS?MB[GMHUBMFc@?MKE?MDKCc@@QBo@@@ACCE@A@QBGHUBIXG[AS?ABA?F]HICGBQG[B?DAKq@TE??EEB?K@FAGK@AOA@DFCC@JCDDJFDn@?RBtAMHEH@DCNBHPFAFGb@CPFV@\\AX@`@Eb@?FAh@Ab@DVGNBJA^@XId@D^CFBr@Cf@BPCDBP?^DJA?EJAV?j@Ij@?BAJDLEL@NCJ@JCTD^@DGLAd@@JHXIF?DB^EL@~@Gx@?RAz@?HBJCFBl@EHCRFH?RBHAXBPAN@JCf@Bx@GRBHCX?HC\\DTCr@@l@DV?JDBEA?JC?AL?DCn@N\\AZDPId@BBCPCB@PCD@NCTBNC\\@LCLBFCP@JCNBLAJBh@AHBZARD\\?LDZEDBJADBJCPBb@EL@HCx@@DCDBL?TDNALDNGNA^@NAn@DPCn@DBFBTALKV"",""resource_state"":2}",,,,,everyone,,,,4638071663,2.57,5.3,,,,212.7,194.6,3,5,
2,"{""id"":68777098,""resource_state"":1}",Afternoon Run,2400.5,911,916,24.8,Run,3,4084168886,8838A5F5-0944-4D5D-B67D-F5B40371F24F-activity.fit,4370506605,2020-09-19T20:25:03Z,2020-09-19T16:25:03Z,(GMT-05:00) America/Toronto,-14400,"[43.029242,-79.285791]","[43.029233,-79.285914]",,,,43.029242,-79.285791,0,0,0,1,0,"{""id"":""a4084168886"",""summary_polyline"":""wcseGfo|bNH?BB@LDF?JHX?NRrA@VHb@@RLb@Bp@FPBx@PhADt@GHMZIBADG@EFS?UPYAI@a@AKEODCC{@Nq@ZGN[ZO@GHYDGFI?OFGFQBOFG?OB]@aAGKGs@OQAm@SKIQGKUK?OLK\\?FEN?^FTGPCtACN@TAn@@j@Ab@BVCX?`@i@dCENKHS\\i@fACHEd@KRATIR?XCHCXBPCR?`@@f@DTCdA@RBBJB\\EL?FB?AFAB@FAV?f@Dl@AX@t@IVFJA`@BLAJ@TER@v@AZDPEBCXOFGD}@Ge@Fk@ASFq@HS?UAu@Ba@Cy@@[CO@SAo@FUEACK@MEm@@QHQXDXMVAXGL?VO@E?k@E]@k@Fo@L]TiAFK?IRg@BO@_@BGV]?OFABUFIRKz@MXMDIBSDK?IMk@Cu@IUC[CKAWSsA?a@EO@EG[Eg@AIKEGO@[GMCQIK"",""resource_state"":2}",,,,1,only_me,,,,4370506605,2.635,4.1,,,,220.3,195.4,0,0,
