resource_state,athlete,name,distance,moving_time,elapsed_time,total_elevation_gain,type,workout_type,id,external_id,upload_id,start_date,start_date_local,timezone,utc_offset,start_latlng,end_latlng,location_city,location_state,location_country,start_latitude,start_longitude,achievement_count,kudos_count,comment_count,athlete_count,photo_count,map,trainer,commute,manual,private,visibility,flagged,gear_id,from_accepted_tag,upload_id_str,average_speed,max_speed,has_heartrate,average_heartrate,max_heartrate,heartrate_opt_out,display_hide_heartrate_option,elev_high,elev_low,pr_count,total_photo_count,has_kudoed,suffer_score
2,"{""id"":23695877,""resource_state"":1}",Sunday Long Run,14631.2,4321,4325,31.9,Run,0,3359490278,B5F2BA89-3AC6-4028-B1BE-065FBD22CB49.fit,3589973691,2020-04-27T01:59:57Z,2020-04-26T21:59:57Z,(GMT-05:00) America/Toronto,-14400,"[43.210287,-79.598485]","[43.210038,-79.598412]",,,,43.210287,-79.598485,0,10,0,1,0,"{""id"":""a3359490278"",""summary_polyline"":""govfGpqydNb@WTYNg@\\kBFaA@s@MmD?g@?MTMj@E~C?jBSvBC`CIfBEzCWbCI^ETIx@m@RKTGXCnB@nAMb@AdBDn@Fh@J`Cv@f@HN?HCLYHUPqAVyDXeCRcDd@{DRaDbA}HRmB^{El@oERuBb@cH\\uCh@{Gx@cLf@cEh@aHR_DPkA^iBN{@l@{Fb@}C|@gHRmDN{ATyA|@yEbAyJp@wETcCp@_FVwA\\qAv@kB~A_Dz@{BnDoGhAaBz@}AZq@x@_CxAqFz@sDt@yEl@oCd@uCx@sDReAb@kCZuDd@eC\\cCtAwIz@iGpA}Hh@kEhEmYZeC`@eCv@uF^}C`@cCb@oBn@gD^iCJgAFuADiC?mDZgGFwF^sIAUKd@G`AIpHUnEQbHGdEUrD]lDw@`F_A|GaAtGaAfFe@|Dm@pDm@|Eq@zDuA`KiCfP_ArHg@jCWfBgAbJW`Bc@pB]vBUjAYlAa@pAUdA}AbJ{@pDUx@_@~@_CpFmAnBwAlCoApB}B`E[p@g@vAqAjEUlAW`BqA|L}AfLWzBc@dD[tDsAjLUvAa@pBIn@u@rJi@tFi@lGc@rDk@|FgAhNe@zEk@zEOvC{@vH_@pEgBjQs@zIOhAIROXY?g@I_D}@_BMcAAoBTgBAg@De@L{@d@WHsBVyAFsALaB@sDRmB?_BRoCC]BYH[NQNSXETAn@J`EIrE"",""resource_state"":2}",,,,,everyone,,g5740633,,3589973691,3.386,4.9,1,170.2,179,,1,97.7,80.5,0,0,,213
2,"{""id"":23695877,""resource_state"":1}",Afternoon Run w Zac,9083.4,2442,2442,6.2,Run,0,3338401481,FEAD8C84-91E2-4B5A-BB1B-5098E63BC2EE.fit,3567844686,2020-04-22T20:52:29Z,2020-04-22T16:52:29Z,(GMT-05:00) America/Toronto,-14400,"[43.210095,-79.598796]","[43.211122,-79.598292]",,,,43.210095,-79.598796,1,3,0,2,0,"{""id"":""a3338401481"",""summary_polyline"":""anvfGnsydNWrBqArIUpB[xDgA~Iq@|Ee@|C}@lGkBtOeArH{@bGi@dFk@rDm@fF}@`Go@|FuAbJk@zCq@pFk@fDmA`KcAbGg@pD_ApHe@pEmB~L[|AQn@OZIHEBSCmBu@gDcAaGqBuA_@]ASDOLu@v@[JSAUKQQMSk@yAKMUOkEyAyBg@kBq@iDeAa@K]GOAGBUf@Ov@Y|BY|@KRKB[ESOOUWw@q@sFQaCEOAp@FfAp@~EJj@Nd@NXVRXDNIDKR{@`@qCPm@P_@HIHAr@?v@Jd@LzG`CrBh@fBj@b@J\\DX@RGb@YTINET@RJXXL^Rt@R^VTd@VbBb@lBj@tAZvFvA^HX@JEHO\\yAp@gEh@gC^}Cj@cDd@cEr@kE\\kD~@aHv@gEb@eDlAeIn@uFf@sCx@oFj@cFj@iDbAgIf@_DhBwNdAuG|@wGLgANyBP_B|@_HzBcORaBDy@Am@YY_@Uk@SqF{ASIWSKWLi@Ri@nB}CrBoDr@sA^cA"",""resource_state"":2}",,,,,everyone,,g5740633,,3567844686,3.72,5.1,1,160.4,175,,1,81.7,75.5,0,0,,91
2,"{""id"":23695877,""resource_state"":1}",Night Run,8078.7,2544,2544,21.7,Run,0,3333968299,C6AD8A84-297C-46F2-A1D6-8E13B3369525.fit,3563206221,2020-04-22T01:11:41Z,2020-04-21T21:11:41Z,(GMT-05:00) America/Toronto,-14400,"[43.210237,-79.598527]","[43.210144,-79.598618]",,,,43.210237,-79.598527,0,4,0,1,0,"{""id"":""a3333968299"",""summary_polyline"":""}nvfGxqydNhA}@F{@B_A@sIBSPMPIXCj@A~ALX?VCp@Q^EnDEpBK~AEfBStCIZKj@q@PKPE\\Ep@?lBFfBUhBF|@Hv@RxBv@XF^?DKLu@T{DdAgJf@kG`@cDNoCb@wCp@}GRcDXiDpBcSpAaPz@{Hd@iGfA{J\\aCVgCf@gDn@}Gn@_EVoCt@qGlA}Id@uEx@{F`@aB\\cAXk@Zg@NMNGJ@D@?JG^MV}@xA_@|@Uv@Y|Aw@zGS|By@pGa@pDwAzKQnBa@pCg@hF}@|F_ArJUjBYlEg@dFa@bDSlCQdAk@dBOdAKrAWzBs@zI]~COvBc@zEUtBSbC}@nIe@dG_@|CuAdOGj@I\\GLKJS?_Bg@sCm@y@IgA@gBRwBGO@YHWNu@l@KFYDeEPwALuJRyAJmCD{@HYJQJUXGPAz@J~CAzBEt@Kx@M^KJ"",""resource_state"":2}",,,,,everyone,,g5740633,,3563206221,3.176,4.9,1,162,173,,1,91.8,80.6,0,0,,89
2,"{""id"":23695877,""resource_state"":1}",Sunday Long Run,14369.6,4442,4445,4.8,Run,0,3324189401,C643A59B-8013-4A9F-8F47-0341CBB66E44.fit,3552918381,2020-04-19T20:40:55Z,2020-04-19T16:40:55Z,(GMT-05:00) America/Toronto,-14400,"[43.210104,-79.59883]","[43.210265,-79.599377]",,,,43.210104,-79.59883,0,5,0,1,0,"{""id"":""a3324189401"",""summary_polyline"":""cnvfGvsydNUhAc@nC_@|Dk@rD]lEe@tDi@|Ek@hDi@vEyArJu@tF_@`DgA|Gg@hEm@dEWdC]hCSbC]pCs@fE}@rHwA|J_A|FkAlIs@nE{AbMg@|C_@fDe@lCWrBi@bDoAlJCZBPHTf@r@BJ?POZ[^]T[Jy@Po@D_BBc@Fi@JYP_@b@S\\Sb@Sx@MdACbCQbC@fAJp@Zp@VZ`A|@RVJRDRBb@G|@eA`Fm@pEsBbMi@pEKl@M`@Q\\KNGFOF]A{@QkB[]AEDGPOx@O|A?fA`@`FHj@VPZNhBf@`@Nd@ZBLFp@?j@c@fDJXZd@LZDt@?bAObBqBhOcDbTk@lE{@`Fi@|DkAzHi@zCaAzGg@hCYjBQl@WF[?_@GoA_@[CO?GBMr@StBMv@UbAWv@Yl@eAjBmDlH_@z@s@lBiCnFs@pBoAzBg@xAm@tDGHEOAQDw@f@eCX{@\\u@t@cAHUVeATo@pDsHpAeCvFqLZiAd@gDV_AFILIh@Cb@H`A\\PDHALMNYRw@d@uEv@yEtAiKn@sDfBaLh@{Dz@_FxA{Jr@{FhBiMDi@@OEQW]m@i@KS@cAZoC?KCQOOUM{CeAYMGIS}Aa@}E@_@LiAT}APk@NAXFpBt@bAV\\AFEJURw@\\mDrCaRjBeJFi@Di@Ae@CKYa@mA}@a@g@]w@Ow@Aq@Bi@\\iCPyBTiANa@Xk@d@k@XWj@K`EYj@KZM^STUPW@SI_@c@w@Ma@DiAXiCPmA|@uE^}BvBqPl@qDzBoP`AaGxBmQjAuGb@sEhA_JrBaN^mDl@_FtAwJl@oDd@eDf@gE~BiPX}BRsCLo@b@_BPy@V_DN}C"",""resource_state"":2}",,,,,everyone,,g5740633,,3552918381,3.235,4.6,1,156,173,,1,81.9,77,0,0,,137
2,"{""id"":23695877,""resource_state"":1}",Night Run,9439.8,2778,2895,28.2,Run,0,3324260579,1CB5A380-B291-4508-B507-66118CA0F6BD.fit,3552994308,2020-04-17T02:14:43Z,2020-04-16T22:14:43Z,(GMT-05:00) America/Toronto,-14400,"[43.210182,-79.598368]","[43.210015,-79.598242]",,,,43.210182,-79.598368,0,4,0,1,0,"{""id"":""a3324260579"",""summary_polyline"":""snvfGxpydN^URSJSHa@Bg@?o@Q{DAyADi@DO\\Mp@EjC@nBM|ABb@?tCQfBCxBY|BGXGRI|@m@VO~@GjB@`BIjBPtA@t@LxAd@h@LX?DEJSJe@Fk@RqCl@eGh@eH~@yHpAiMVyD^eDTqDr@iGVuD`@}C^qHp@qGRwCd@}D^{Db@}Cj@cGn@}FbCeQpBgQ`AwGj@qFXyAd@_BhBcE`AeBlAeCrAuB~@uBv@uAfCaF~@qC\\kA~@gFg@xBcAfHs@|AyErIgBjDmAbCyA|B_AdBe@rAi@zBSfAYvBs@`Go@fGoAjJYnCo@fE]zDiA`Iq@bHo@vEe@nGgBbQ_AjLkArKWvDs@lI}@fIsAxNOxBa@jDc@jFUzBQx@O\\U@OA[I{CaAi@I{AIs@?cBTaCGS@WFQJy@p@QF]FuEX{CHuDR_ENuC@u@F[PQTGRG`@?`@HvBBtACzAGhA"",""resource_state"":2}",,,,,everyone,,g5351434,,3552994308,3.398,4.9,1,160,172,,1,94.5,81.4,0,0,,109
2,"{""id"":23695877,""resource_state"":1}",Night Run,5781.7,1806,1810,0,Run,0,3300598239,A8462123-AC38-47AD-BDD2-A835D2C8ABCD.fit,3528055569,2020-04-15T03:25:35Z,2020-04-14T23:25:35Z,(GMT-05:00) America/Toronto,-14400,"[43.210173,-79.599257]","[43.210276,-79.599467]",,,,43.210173,-79.599257,0,3,0,1,0,"{""id"":""a3300598239"",""summary_polyline"":""qnvfGjvydNKhBOjASfAm@`CMt@]~D]lCmAfIq@xFw@hF[vC_@`CiAxIm@|Dw@bHu@xEw@rFK~@MjC_AbHcBzKoAjJa@`Ca@nDi@hCc@vDqAhIi@vEm@~DyA~KoAnIk@pEKd@INC[@[JiAj@wDp@{CPaAzAyLrA{IvAkKn@}Dj@oEh@mD\\wCf@sC~AuL`@mDl@eEl@qE^yBfA{Ib@gCt@qGd@aDl@iFb@uCp@cGd@mCn@cFf@eDTuBj@{DZ{CHe@j@eC\\gDRaC"",""resource_state"":2}",,,,,everyone,,g5351428,,3528055569,3.201,5.5,1,165.9,168,,1,81.7,80.4,0,0,,74
2,"{""id"":23695877,""resource_state"":1}",Easter Long Run,16685.6,4961,4979,33.5,Run,0,3291124600,58BEC83A-FB0E-470A-869C-93EB294BAD16.fit,3518058898,2020-04-12T19:36:21Z,2020-04-12T15:36:21Z,(GMT-05:00) America/Toronto,-14400,"[43.209999,-79.598513]","[43.209963,-79.598321]",,,,43.209999,-79.598513,0,8,0,1,0,"{""id"":""a3291124600"",""summary_polyline"":""mmvfGvqydN^oAHg@Ds@@}AEyDBeADSb@S^Eb@CxBHfBSfCElBMhCG`D_@^I`A_@p@ObAQp@ExB@rBSlABt@Fh@JjCz@RDZBR?NINe@Hg@^}CT{DpAgOhBmPTyC`@yDVeEnA{Ln@kHZcEp@iFb@eFRuC\\{DnAeLz@sGt@aHj@iD`@iEn@gF^iCXyClBcOP}@XcAh@wAj@qA`@m@RM^OTYxAwCvEyIl@yAhAgC`@gAl@qB~@{DlDkRp@}Cd@wDv@cEl@mEr@kGjAoHx@kEXwBT}Bn@mEnAgHPyBHm@TmAh@}BP{@`@qDj@wCr@kFZ_Dn@cDPsA^kDdA}GL_BFsEL{CDsEL_D\\wFFiB?qEEkCCeFIuGFsDEuGBiJCcEBaAVeCN}@HWzBuFnAkDvBeF_AfCuFdNSj@Ml@Kp@UhCEfA?bBF|NDjC?vKHjFAzHKjF]pIIxFYtHErCGn@y@fEiAdJq@nD]nDQpAeA|EK|@GrAKx@yAvJm@`D{@rGk@hD[lCUnAm@xBId@WrCy@jFUbCw@pEaArGW|B_AfFgB`Ia@tCi@`Cu@vDYfA_A|BgCzFUXm@\\e@f@aCpEcAxBcC`E]dAw@bDaBhM]vDa@bC]lDa@|BWfCa@xC]|D[bDmBpN[|Dg@pEYbDi@hESvBW`DYvC[|D[xCSfDe@lDoAvNcAxJ]tC{@rLOpAYtBs@hHSxAK^ILY@YEkAc@eA[eASwBGi@BqAL}AE[@SBSHa@n@KHUD}ADsBJ{BVyA?cCLiCBoBPgC?i@D]FSFWNE^?r@JzBBbAC`BIpB"",""resource_state"":2}",,,,,everyone,,g5351428,,3518058898,3.363,5,1,172.4,180,,1,99.8,81.4,0,0,,267
2,"{""id"":23695877,""resource_state"":1}",Happy Good Friday!,11180,3123,3123,27,Run,0,3282391566,234CAE58-C82C-429E-BE0D-25B6B874EE1C,3508858271,2020-04-11T02:27:03Z,2020-04-10T22:27:03Z,(GMT-05:00) America/Toronto,-14400,"[43.209768,-79.596703]","[43.209971,-79.598328]",,,,43.209768,-79.596703,0,5,1,1,0,"{""id"":""a3282391566"",""summary_polyline"":""_lvfGlfydNC_@BkAGo@@WDKNIn@EnAA~@LZ?\\Mr@In@AtFWt@An@Bj@Qf@Ah@M^Dp@Kb@@v@EHCNOd@m@h@KrACbAJL?~@SdAClANj@DbAVH@n@Vp@HRFNJLBLIN_@Hm@LoB\\uCPsBJc@RqC\\aD`@gF\\mDl@yEFuAJu@ZwDHk@@YDOD{AFy@LeA`AeLh@}ELqCHi@HeALeA@e@X_CN_BL}@JaBTqBD{@RyAL}ATyAx@iHX{ANqANaATyCVyAJyA@s@j@uDToB\\kBZ_D@g@j@iDH{@ZeBj@}G`@{CXoA\\aAr@kBLSPOl@}Az@uAr@wA\\w@z@gAJSNg@`@s@^gAtAyBx@kB|AkEP_ANg@NeAZkA\\yB`@uBj@cCd@cC`@cBh@sCf@aDPmBHmAZwATiBRmALqAV{ARcBbCcOXmACGSl@g@dEw@hFMb@c@bDk@jDMjAQ|@Gx@Kp@KbAKh@En@kArHe@pBSh@q@`Ea@`BUjA[lBYnAg@hDc@vAOXKb@_@t@uAxDyAlCs@n@MRQ`@y@fAERy@tAYx@m@fAmA`DaAxBId@MX[dAGh@]`Ba@rEGlAg@zCKpAg@bDA`@If@Cp@c@bEw@bE?Rc@dCE~@S`B?RKfAMj@k@jFGXIfASpAQjBYnBCvAGf@Mb@AVENEzASxA?PKt@?R]~BSnB_@~B?XMt@Ed@?v@]fECj@QvAUrDI|@Q|@OdCUpBIdAGXIx@I|ASdBKpCUrBA\\S`A?NYjBYfEU|BUfAGl@Md@?PQ~AGbAGl@GnBYrBEd@Up@OH[E[K]SmASsA[_@CeCEs@PWBe@Es@Eu@@c@FQJi@t@QJo@DsA?YBKAm@Lq@@[LO@a@EuBFm@Ci@Dk@FgA?eAF_@LSB}BKiAJOF[TMPCNCXRnECtA?h@IxA"",""resource_state"":2}",,,,,everyone,,g5351428,,3508858271,3.58,5.1,1,171.7,179,,1,94.9,81.4,0,0,,163
2,"{""id"":23695877,""resource_state"":1}",Late Night Long Run,14305.8,4306,4306,34.6,Run,0,3264889020,4E31858E-D254-4F9E-B755-197EC8E275E0,3490339289,2020-04-07T02:24:21Z,2020-04-06T22:24:21Z,(GMT-05:00) America/Toronto,-14400,"[43.206376,-79.595516]","[43.209987,-79.598306]",,,,43.206376,-79.595516,0,6,0,1,0,"{""id"":""a3264889020"",""summary_polyline"":""yvufG~~xdNVJRUjB]`@BxCOfAgA|@EbCHh@Oz@EnBHvB`@xB|@VBHEP_@hAcLFgATcBV_DZaCTkCZsCDkAj@qDFuA^{CTgEReBPkCVsBH}APqAHsAf@qD@{@Ny@NyABiB`@oD?c@NcAPcBXqAF{@RwA@g@X{CBkAHiA\\cBZ}DNw@J{Ar@gERgCLa@B_AXaB^qE^sBX}BHW\\uDNcABg@n@iEZgCBi@T}@FoAx@eDn@iAfAaCpAuAZo@JMb@}@x@eAHO?_@BO^i@z@yB`@i@L_@\\g@VcAl@mA|@}BXgAFi@Vy@PyAl@wC~@gF`@}ARkBLe@\\aATsBZyAXmBHmANc@Dw@\\{AD_@FMF_Al@_EFu@VmAH}@d@iDVmAZaCJa@Bi@\\gBXgCPw@Dm@X}ANeBt@wDTmB`@qBTmBVwAF}@VsAFw@XiAVeCd@iBBc@XuAPeBn@_EDi@^_DPk@XwBP}@?[DeACc@D}@?eALcCJkFH}@C]LgCAaALsABcDBg@Ny@EKQPAN@dAKzB@hAKhADx@GXA~AK|A?|@G~A@|BOlCG`@BnAAb@Bf@C`@CR[x@Gx@Sv@WvBc@nBAv@Ot@Ch@Qt@SjBUbBQj@i@zDu@hEGz@I\\Er@QtAWjA]hCq@dD?b@Iv@[|ACj@Qr@Ej@_@dCU`ASbBUlAEj@QfACl@YjBSz@c@jCI~@WnACf@[xAQn@UdBSv@KhAEPAx@g@hCUvBMr@YbCWx@[dBITGh@q@fCm@`DK\\SvAWbA?NS`AwBrG_@n@s@dBiA~Ay@|A]^eAfCUZu@zAW^Un@_@n@y@nBa@t@WfAc@pAMrBa@vBIjAY~AAj@KnAc@lDSlAEHIbBa@pCE`AUdAKxA_@hACv@WvBI^UdBUjCQvAEp@Mp@M`BQxASfAM`BW~AIpAW|AKbBEPCn@GPGr@SpAE`BKb@Kx@Ez@OhAEdA]rDC|@Q~A?j@[zBGhA[xCIzAI\\KjAArAOpAKd@GpAK~@SjAK|BMr@IrAOj@]|Bs@jHGXAz@a@xC?dAGz@WfA]lFSnAQZKBw@_@iCo@iBMm@@q@KgAReCE{@BYP_@n@IFi@J_B@]D[EwAL_@Ly@GkA?WFkBFi@J{BB[L}CE_AF[LWTMRCV@d@Fd@HxCEpBG`AER"",""resource_state"":2}",,,,,everyone,,g5740633,,3490339289,3.322,5,1,171.2,178,,1,97.9,79,0,0,,221
2,"{""id"":23695877,""resource_state"":1}",Night Run,10112.7,3140,3140,34.1,Run,0,3256427335,E9CE8F7D-11A6-43C4-B058-AC7CC501E4B0,3481179454,2020-04-05T03:15:16Z,2020-04-04T23:15:16Z,(GMT-05:00) America/Toronto,-14400,"[43.209702,-79.59765]","[43.20998,-79.598281]",,,,43.209702,-79.59765,0,5,0,1,0,"{""id"":""a3256427335"",""summary_polyline"":""skvfGhlydNCGFm@IaBAyAEe@CaAD_@^Mf@CXCdAFRDj@@j@W^E`CAb@Gl@?vAGxA?l@O^?f@Md@BJAPGz@ANCj@?NGZUVYHO\\Ax@Gn@?\\FZ?n@Q^CdA@lBLhA\\z@^v@VP@H@NKLQVyBNsCDc@Ji@VaCT_BVeEXyBRwBL{@RmBPcCLq@Fm@L{AB}@VuBBe@TaB@m@^iEB{@h@wE@c@JsAN}@T}C@e@Ji@TqBLwBb@uD@e@HeAPaAFeALi@NeBNw@ReDHw@He@Dy@Hi@Dy@b@}CFw@P{@P}BNq@Ba@FURoAHwADMDkAVsADe@XiBHUBQ@m@Ng@NoBJ_@FmAP{@JkBFi@Ls@FcAX_BZoCNq@PgBPw@?MJm@n@cCZi@^i@X}@P]BMT]Ri@RQd@m@Tm@`@g@HWHG~@aBFW`@q@^w@Vo@Z_@Re@HEJQTw@Ry@\\o@JKFQTaATk@F[l@wB^{C`@yAFi@DKDSJeADWPq@Hg@h@aB\\cBHm@Ry@ZaBRqBX_BSzAOr@Ez@Ib@CVq@xDMb@]fCYz@Kt@GNc@hBUxAGNWlAc@fDw@~CcA`CSTeAfBOn@{@xA{AzCe@t@UVi@vAs@~@INUp@uAjC[x@cAjDEf@ENWpCMr@CbAa@jBa@vDI`@?NOjAIrAOz@Ev@Id@Cf@Ip@i@lCEj@IRAROp@?VYdC_@fBCn@UpBAd@Q`ACl@MxAMr@Kz@Sv@Ct@GNEh@Cj@Mf@Mp@CzAMlAG|@B`@Kh@Ed@g@|BMlCQnAATSjAEfBUxBG~@Aj@[dCGnAOt@K~@MnBQpAC^I^CrAShA?XO`BCx@El@Ad@c@dCC`AG^I^Cd@QnAGjAq@hF[bEId@C|@QbBGnAK~@EJMpAEJAVKr@?XEPGpAId@K^MNG@MAm@UmBe@kAe@OEwA?kACq@TM@y@GwBEM@CLBd@CJEJ[FQ@IC[AaABc@DYF_@Cw@RK?g@LO@{@I}ET{A?i@Do@PK?a@G{@?wA@m@JWXQZCTVzDAf@?`BMdB"",""resource_state"":2}",,,,,everyone,,g5740633,,3481179454,3.221,5.5,1,164.4,173,,1,96.8,78.9,0,0,,118
2,"{""id"":23695877,""resource_state"":1}",Night Run,5064.4,1463,1463,7.2,Run,0,3248581118,8280B1CF-7AFD-4237-89E7-668CB2957984,3472790593,2020-04-03T04:14:09Z,2020-04-03T00:14:09Z,(GMT-05:00) America/Toronto,-14400,"[43.210262,-79.599918]","[43.210319,-79.599466]",,,,43.210262,-79.599918,0,5,0,1,0,"{""id"":""a3248581118"",""summary_polyline"":""covfGnzydN@R_@zAEj@KVg@hCQjAAzCIr@w@rES|@O|ASnACh@_AzFUxBMt@e@pDKf@OvAKf@Eh@YfBYrBKtAKb@k@`EEb@q@dEMnA_@~Bc@nDKbCo@jE_@xCQv@UlBg@rCK|@Kb@S|Ba@~BWxBOz@KbAMb@?Pq@`Ec@bDCj@q@nDQpBGTYpCWx@CPOfBITKjAYjB?NGNGCFcAPeAFq@NaAFS^uCd@wCh@uELg@`@iCLqANq@Fy@P_AViBLkArA}IDk@TyAD_@p@sDn@cGReAP_BVyANgBV_CLw@Lc@VyBZyBNsAX}AFcAPiALoAbAwGLsAn@eEd@cEPy@n@qFNgATsAH{@NiAR{@HaA^qBVkBLgCPkA\\gBJaBNeABc@LiAAK"",""resource_state"":2}",,,,,everyone,,g5351434,,3472790593,3.462,6.3,1,163.8,168,,1,83.8,79.4,0,0,,53
2,"{""id"":23695877,""resource_state"":1}",Beamsville (small) group run,4968.3,1645,1645,19.2,Run,0,3240598842,A12912BF-0D67-4A25-BD77-6FF5B4FE0FC1,3464342919,2020-04-01T00:07:57Z,2020-03-31T20:07:57Z,(GMT-05:00) America/Toronto,-14400,"[43.176271,-79.470281]","[43.175483,-79.470203]",,,,43.176271,-79.470281,0,3,0,2,0,"{""id"":""a3240598842"",""summary_polyline"":""uzofGhp`dNn@YXEz@AtAP`B`@fALz@@l@Gb@@^C`@BXAJ@ZJ\\@|ACpA]h@EZBTAZMf@Gv@GfA?XEtAR`ARbAHj@AnA@b@I`@@VCZCZKX?N@h@RFJLHZ?b@NtAfAbA~@XL\\b@vAnAXPl@d@tAz@b@ZDRo@rC}@~CUnA[v@Gt@e@fBOZSbAOb@Gd@m@|Bq@lDW|AC\\GROlAg@zB_@zBCb@Sn@QnAg@vAKTIHODSCa@Mu@K]Ms@Oe@GOCMIy@CEPK|@MRQRWdAIJsAAmAD_A?i@Ba@Cm@BOOASC_ADa@AUU[_@Kk@a@KEQ?w@ByAAsADoAAMAGEKOEOW{As@sBk@{BYo@O_AO]O}BGwBIq@?u@MEYFq@BuCB]AaA?]B[EeAAY@_@AWG_AGe@Ac@@}AEk@BWa@KGe@E[?YEu@E_AAG?IGEMCe@EiHGoA@y@Ck@HyCIoA@]EyBFsANwBTCZ?p@FZH\\DPALBZCf@Dl@CbAGZGV?bAQZClAUhCeAf@Mh@Wf@Ev@Cr@D"",""resource_state"":2}",,,,,everyone,,g5351434,,3464342919,3.02,4,1,158.8,166,,1,108.8,89.5,0,0,,52
2,"{""id"":23695877,""resource_state"":1}",W I N D Y Long Run,12686.6,4142,4170,35.7,Run,0,3233276793,E13A8459-C1AF-40FE-A4D5-8135FF38B4C3,3456582302,2020-03-29T22:03:42Z,2020-03-29T18:03:42Z,(GMT-05:00) America/Toronto,-14400,"[43.210059,-79.598742]","[43.210282,-79.599572]",,,,43.210059,-79.598742,1,5,0,1,0,"{""id"":""a3233276793"",""summary_polyline"":""ymvfGdsydNC`@KdACp@Q|@K~@c@lBGf@QdAKhAOj@At@YtBGp@i@vCGn@QjAAn@e@jCC^_@|B]dDc@vCA^Ov@KdAI\\WnBI~@CJOrAi@bDMjAKh@IbAS~@Ex@YhBI~@e@zCSxB[bBW~AEpAW|A]tCKb@QjBUlAOlAEd@g@vCK|@ShAKjAWvBm@|CIx@a@dCEd@UhAGv@S~ASn@_@jC_@bDGr@Kb@SpAEv@cAfHOzAMr@MfAK^?TWdASdB]fBe@|DMl@Gr@SjA?d@N^d@t@?To@b@}@`@s@PqDPa@F[JUVm@`AO`@ERI~@C~@Fd@AR[hCGhA@NPz@L`@p@`A`@\\j@^HNJv@@l@g@xBWnB{@rDC`@Op@MrA_AfFIfAYpBEJId@Q|Ac@pB@TBJLR|@J`@JZNXZjCt@n@Z`ATzB|@|AZ`@I~@V|@DrCz@N@LN\\PhAZVNd@PLJRVVR|A\\bA^vEnAvAh@fAZZNd@J`Af@H`@A\\[~AM`@Kz@St@Eb@e@|BE`@IPu@~DQR[tA]pCUhAGPGr@Gl@UfAO|AOp@g@bDsAlKItDERGdA?XOlBEx@OxAD{@T{DB_AJo@Bo@Bw@?mAd@qDH[\\wDLs@V}Bp@iEPyAXwALeAZgBVqAHSHGHOBMn@gEp@{CX_BNc@ZgBBa@Hc@Ia@aAc@qIgCqASwAg@i@WoAU]Uo@Mu@[cBi@_@GqAe@k@OcC}@{@Qu@WkAWkDiAm@Mw@YsBg@YMc@e@EKCY@i@V{@TyANwAJ_@VmBNs@f@gEVsAPyAlA{FRkAPgBKY@UCMa@i@q@e@a@i@]o@Qm@EWGoABo@ZqBLc@Dg@Ca@Ps@PgATe@Zg@VWh@Qh@IpCMd@IdAa@bAw@@UMc@o@{@EQBs@Li@Hs@@YTiBX{ATu@@YRiAPoBLm@Bk@Hc@PmAJe@H}@Lu@Fs@h@_DNsARaAd@cEZaBLmARcA\\kCBc@RsAn@oDr@{EPyAHiAf@eDXkCTiALsAJc@HeARkAJc@Hw@RmAXiC^oBHy@Pk@Jw@\\mDj@sDPsBNu@r@gGZsAHaAh@iDFy@\\cCFu@PaAXkCTcAb@_Et@uEPyA\\uBPiCNkAPq@Fc@Pw@He@FsAVgBDaA"",""resource_state"":2}",,,,,everyone,,g5351428,,3456582302,3.063,4.2,1,146.8,167,,1,90.9,79.4,0,0,,102
2,"{""id"":23695877,""resource_state"":1}",5k PR Push,5031.6,1221,1221,10.7,Run,0,3225880804,A39862C2-002C-4F86-B02D-501F2DC306D6,3448677406,2020-03-28T02:44:43Z,2020-03-27T22:44:43Z,(GMT-05:00) America/Toronto,-14400,"[43.210797,-79.602195]","[43.21151,-79.605398]",,,,43.210797,-79.602195,2,7,0,1,0,"{""id"":""a3225880804"",""summary_polyline"":""mrvfGvhzdNQxBoAfIUnBs@`FGr@Ot@Cb@UpA[xCSlAO`BKl@Oh@QrB[xB[vCc@|By@~FUfAEn@a@|CI~@UfBKnBWrBKf@_@tCs@jDEdAQjAGp@WvA]xCUxAWhAs@~E]vCc@hCQdB{@pFGt@a@lCUvBUjAEl@Kn@Ej@UlAUnBKr@U`Ai@jEKf@On@[jCYfBIj@EHIQVeB@[ZwA^gCPeBb@yBZuCLo@\\{B^gDr@{Er@iEDk@LoA^gBZmCn@wDTiB\\oBL_APyB\\oBVcCP}@\\oCJm@\\iC^wBLkAF[b@uEPaAHy@XaBl@_Er@_G\\eBPkALuAb@}CVuCJm@\\oCh@aD^gDl@yD"",""resource_state"":2}",,,,,everyone,,g5351434,,3448677406,4.121,5.7,1,179.1,193,,1,83.8,79.4,1,0,,73
2,"{""id"":23695877,""resource_state"":1}",Pre 5k Warmup,1017,273,273,7.5,Run,0,3225880752,8BA4A417-0B79-4510-8C5C-55BB01BBE222,3448677365,2020-03-28T02:39:34Z,2020-03-27T22:39:34Z,(GMT-05:00) America/Toronto,-14400,"[43.211264,-79.599397]","[43.210525,-79.600637]",,,,43.211264,-79.599397,0,2,0,1,0,"{""id"":""a3225880752"",""summary_polyline"":""kuvfGfwydNGLBVKFEE[B]r@_A~AQr@UrBMd@MAQOKHCJKDi@[MQH{@DOx@qAdAyAp@}Ap@gA`AsBXw@FIPKHAn@Ff@h@j@RTBR@JTEp@a@pCMpAM`@Gh@Sj@"",""resource_state"":2}",,,,,everyone,,g5351434,,3448677365,3.725,5.2,,,,,,81.9,77.4,0,0,,
2,"{""id"":23695877,""resource_state"":1}",Night 10,10031.6,2627,2627,28.7,Run,0,3218769502,FE1704D7-9DD4-4D60-87CA-A2E9B5C53253,3441111951,2020-03-26T01:25:45Z,2020-03-25T21:25:45Z,(GMT-05:00) America/Toronto,-14400,"[43.210215,-79.599502]","[43.21075,-79.601765]",,,,43.210215,-79.599502,3,6,1,1,0,"{""id"":""a3218769502"",""summary_polyline"":""ynvfG|wydNKNIf@K|@Op@G~@KTQl@m@zC@h@EdAGr@I~AIh@A\\MjAA`@ENK`Ag@`COtAQhAAPQdASvBUjAWlBKn@C\\QdACpAIl@Kj@Yt@Ot@]xDc@jCa@fDI|@Y|AMhAKl@u@zFKr@Er@GXCp@K|@UxAYxAs@~F[tBMh@w@xG_@bCi@|DIXg@pDSfAMzAWfAa@vDi@|CU`BQz@IjAQvA_@vBO|A]dCCZCPSf@KtAe@zCS`BQdAK|@u@nEKBMCmAk@eA[c@KUKaAWSIq@OMI_@KOIeAYcA_@s@O}@_@OQMGMQKm@EOMUYSQIMA]HSJe@j@a@Ga@Ds@OaBo@a@Ms@Ky@[aAWmBq@QCaA]o@Oe@Sm@QSJIVs@dGIj@[pAe@`E@PLt@r@jDZnAT\\h@^hBt@`AZL@d@P|@RLEHYVqBBWViBLSRILAhBx@`@Ln@J~@^`@HdA\\`AP`@RrAZ\\ZxC~@^DP?BOKIuDqAaASc@Mg@E_BWa@MkAYo@Sa@Q_@GyBw@u@MEhA]rDWv@INICmCaA]Ia@Oc@Ku@_@_@[Yc@_@y@Mm@[wBUgACo@Nk@X}AXwBTeAf@wDJq@HMNMn@BvA^\\Nj@Lz@`@^H^Np@R`@H|Ad@^Rh@LNJPFL@v@TdAFPCTe@NOHE`@CRFZPFJJXJn@BZHH`Bd@|B~@hATfBp@dB`@|@`@L?bAb@j@PNO?]Dq@Hk@\\mA\\_DrAeIn@kF^wB\\{AHaAZwBHcAJg@Do@hA_IVgCh@_DPuAVgAFg@VqAr@mGfA_Hh@kE~@yGLi@NgBTkBB]bAeHbBiNNm@NqAr@{ENqAJk@LgAFs@Lq@B_@Hm@Nq@Dq@^uCVeBNm@~@sHf@sCTyBJiBBG"",""resource_state"":2}",,,,,everyone,,g5351428,,3441111951,3.819,5,1,179,190,,1,83.8,74.7,1,0,,168
2,"{""id"":23695877,""resource_state"":1}",Beamsville Group Run!,4876.4,1736,1736,19.2,Run,0,3215189802,9D47E95F-4C7E-4524-B1B9-98DF841BF1D6,3437307643,2020-03-25T01:13:57Z,2020-03-24T21:13:57Z,(GMT-05:00) America/Toronto,-14400,"[43.175283,-79.470071]","[43.175419,-79.470227]",,,,43.175283,-79.470071,0,4,0,1,0,"{""id"":""a3215189802"",""summary_polyline"":""otofG~n`dNRZNF`BVr@Nd@?n@EVB\\Gz@BXC`AAp@Gb@Bj@IzABVE`@@`BI^@^Iv@?d@B`ANN?t@Rv@@p@Ex@@dCGJAXSTCf@BVLJNhA\\TRJLh@^vAnAp@r@ZVz@v@XJXRhAz@d@PXX@NM^?T]|@[xAw@|BOdAIV[`BSr@Ip@Ol@]~@Q~@q@lCMjAq@rCG`@ENGFIr@K^SpAI\\EZGPi@tDSr@Sj@e@|@GDWCe@QWCc@OiAQeAUm@?GHIr@ENQ`@MAIJIb@Uh@k@EO@m@AuADIBK?GCw@H}@?KO@]EqBKEg@a@m@]YIMAiA?[@g@Ae@Fc@BaBKKEEGIgAQaAi@oAOs@s@_CIQYgAIeACu@Be@Ac@WsACaAO?IBy@DYAWB[COB}@ASBo@EO@UWc@UE?[DcACWDa@Gq@@m@I}A?UAOEI@}AGQ@KCO@UAIBk@G}@@e@CIcA@]Cq@AcBBUGcB@mBAe@?mHIk@DKIg@HyA@mADc@FQFC~@Zl@@XHL?XBv@?j@Ef@B~@KP@l@Mz@]nAWh@UxAe@VOh@Q|AMt@@PAJDJA"",""resource_state"":2}",,,,,everyone,,g5740633,,3437307643,2.809,3.9,1,154.4,160,,1,108.8,89.5,0,0,,51
2,"{""id"":23695877,""resource_state"":1}",Sunday Long Run,13226.7,3687,3687,40.8,Run,0,3208597304,A5D217C9-EDD4-4999-AB96-59387CB11036,3430271336,2020-03-22T17:09:38Z,2020-03-22T13:09:38Z,(GMT-05:00) America/Toronto,-14400,"[43.209993,-79.598295]","[43.210912,-79.598122]",,,,43.209993,-79.598295,0,3,0,1,0,"{""id"":""a3208597304"",""summary_polyline"":""mmvfGjpydNLc@AUF_@PY?_DG{CAcAHS`DQj@Bh@N\\Sr@G|AHp@Et@A\\@\\IxAOr@?`@I^?b@E`@Bt@K`AA^EFq@DMb@EtAIR?l@Cp@HN?j@KP?PDn@B`@Cv@@`@B^LpAJv@^|@RNMHQb@oEPqAVgEJg@JmAFWJkBb@sENaA@]He@f@qFPgAHmAJk@Bi@TmBPgC\\uCFuBNwAJ}ARyALyBR_AJmBXuCJi@?WP{BNaA?QR{ADg@XwARoBDcABwALaARuBVeBLyAVaBVsCHg@V}B^_CNaB^sEXyAFuALc@JoAn@qEF}@P}@XuCRsAHqARaAT{B\\mB?MTeCbAsDTi@`@o@Nc@^o@FSr@_At@uAp@gANa@b@u@X}@VYTs@^i@jBgDZ_An@wAhA}DVuAXgBRm@PmA@QPqALg@Hi@Z}ANg@h@qC|@}DLwAVgAXmCb@oCBg@l@}EXqAN}@HiAJYTwAV_AFaAPyAXkBLg@f@wCV{B`@_CReBP_AFg@^wBNoAVmAJoAZwALiAH_BVyA^gBp@_FFq@XaBz@wFJc@Dg@CCKP@VDP_@pBQlA[pDKl@KjAKh@[nAKj@Cl@IPMf@]|Cc@|CSrBWdAs@jEQj@?\\{@dFu@~FKh@SnBIh@[tAeAtHK^e@hEc@fCIz@[rAIf@OnBGj@uC~O]z@WnA_@~B@PQt@UxAM`@UtA{@`CU~@u@fB_@p@[|@c@p@Yl@S^Y\\u@lA[v@k@`AENo@hASf@gA|AS^Md@_@z@S\\Mh@Q^Yv@Md@]`AW`CS~BIf@S`C]lC]jDIh@Ev@WbBIfAYdBG~@QpAG`@W`AWxC]vB_@fDMh@In@ARM~@OnBUnA[pDKl@En@Gd@Y|EMpAYzBSx@UbDe@|EKxAiAnKk@hIWpBO~BOx@Cr@MxA?NOxAEx@a@nDEp@YzCQz@MvBMz@Ch@QxAiAhMObAMtAMf@IRIFMF]Qa@KQGIIq@Su@O}@YeCIS@m@JUJQB_AKsA?]BCNCt@q@LwB@q@Fe@Ee@Fk@DOFKBeAA_BFQA}ANuBCo@Fk@L]?_ACa@?cALQDKH]LON]@IBa@r@a@jAILOb@W`CE|@I~@"",""resource_state"":2}",,,,,everyone,,g5351428,,3430271336,3.587,4.7,1,171.9,179,,1,97.1,74.3,0,0,,198
2,"{""id"":23695877,""resource_state"":1}",Night Run w Phil,5445.1,1655,1676,5,Run,0,3200543240,1733B40F-AE48-4ADF-B589-4D876D0B7733,3421667228,2020-03-20T01:12:10Z,2020-03-19T21:12:10Z,(GMT-05:00) America/Toronto,-14400,"[43.210242,-79.599181]","[43.211593,-79.599096]",,,,43.210242,-79.599181,0,1,0,1,0,"{""id"":""a3200543240"",""summary_polyline"":""_ovfG|uydNFf@?v@YpAOnAQx@[dCO`BO\\EX]pDOh@QhAQ`BMr@O`BUpAGp@UvASpBGVUhBQbAMpA]|B[dBGd@S~@OdBk@tE[vAMbAIfAUpAm@`FWjAe@jDS|AAz@[rAAh@[pDI`@YzBShAq@`FCb@]|BSr@QdAM`Ba@bCCd@E\\KZKxAUt@OxAUhAa@`Dc@fCIjAi@|Cg@hEa@dCEJE|@Hu@`@kBZkADg@LgARoAH{@^wBJ_APoA^_B@e@Jm@Dk@|@wGBi@PmAR}@Jw@LuA\\sBPaB\\oCLi@BWLa@Bc@PoAf@iCDo@Hg@Bc@Fe@R}@TcBN}B`@qCJkAHc@@Ub@qCJiAf@_CD}@JiAZkAR}APw@`@mC@ULi@Hw@D_BX}ADe@Ry@PwBHg@JiAHi@L}ANu@Fw@Lw@N_B\\kBBe@d@eC@UZuBCSEMOOQMmAYSIOAwAe@WK}Bq@OECO@YLk@Pa@j@cAZe@b@i@d@y@J]HQl@u@DM"",""resource_state"":2}",,,,,everyone,,g5740633,,3421667228,3.29,4.2,1,163.8,172,,1,82.9,75.1,0,0,,63
2,"{""id"":23695877,""resource_state"":1}",Afternoon Run,7120.8,1897,2350,28.3,Run,0,3197414585,F3F64CC9-A471-4647-9286-FE84EFD1B6E9,3418319434,2020-03-18T20:07:08Z,2020-03-18T16:07:08Z,(GMT-05:00) America/Toronto,-14400,"[43.107957,-79.544519]","[43.108752,-79.542912]",,,,43.107957,-79.544519,2,3,0,1,0,"{""id"":""a3197414585"",""summary_polyline"":""uobfGf`odNBAjChAdBj@t@ZLB`@Tl@P`@Pv@P~@XTBdA@TDJFXELIHMd@_AZuBH?`@Lh@V`@NbAX^FLJb@H`@Nb@L`A^t@RZLt@TPJl@Nb@Dr@Xb@Ln@ZNLFNBZGdBEl@BfACj@YpAg@hBUlBWp@Mh@i@~CWdAE\\@Jt@PfCz@p@b@`Bd@jBv@vAd@FJtAXl@HbA^l@Lb@Pl@L^TjAXbBp@PJbATtH|BvA\\XLtA\\~@b@fA\\nBf@P@DIFq@Jk@IeGEaGDiAC{BBiEC}AFwAKgD@gDC}@HsCE_ADq@CmBIk@C[@q@Bm@EiDBsEMwDB[@y@AsCD_B?gCBkAEeIIyEBgCCsAF_AEk@Ge@Ci@{@gAQGGFc@t@Sh@S\\k@fBgA`Ca@lAa@~@Yv@Q^]j@]r@Uz@]p@_@j@[v@e@jAq@bCg@fAMNoDlJKRMPg@fA_AbCa@r@[bAMROb@g@x@c@z@Qd@u@`BYz@]v@_@l@Sx@SZOFu@LQ?MAOO_@I]@]FS?_@GOEOKy@[a@G]Oi@G]Ok@OOI]K]QSCo@Si@VSC]S_@Eo@[s@OWQI?o@Sy@]OCk@YKAWD[l@Of@MhAG\\GNIHQB}@Ma@?u@GcA[g@[c@Ky@_@_@CaBc@]O_@IiAg@qAa@QC_A][Qe@QYUCULsADGVfDb@Oo@_H"",""resource_state"":2}",,,,,everyone,,g5351428,,3418319434,3.754,4.8,1,175.4,187,,1,194.8,179.7,0,0,,112
2,"{""id"":23695877,""resource_state"":1}",Afternoon Run,14322.6,4256,4293,41.6,Run,0,3187263272,2F33BB76-09B2-496C-B7F6-F2DFC7517AD2,3407311580,2020-03-15T21:15:48Z,2020-03-15T17:15:48Z,(GMT-05:00) America/Toronto,-14400,"[43.209959,-79.598335]","[43.209972,-79.598336]",,,,43.209959,-79.598335,0,3,0,1,0,"{""id"":""a3187263272"",""summary_polyline"":""emvfGrpydN\\c@Dc@@o@GaDDeAKoACi@BUDQRI~AO^?dADZDJAZQlD?fEMn@Dr@Sz@Ir@DtCYFS?e@FGZChCC|@Hb@Cj@OPAr@AnABv@Fx@T^D|Bx@RUHUXkDf@oERaCNyBt@oHN_ALkBHaAXoB?WLu@FmAZgCTaDDSJy@@u@RqANyBd@yE^kFd@kELw@T}BN{Cj@eFNkBVaBRkBFsApAsLLcBLm@Dg@TgAp@yFZyDJg@JiAZ_BH_AT}Ah@{FLc@Ls@N{B\\qB`AkIXoBJUb@eBRe@Ze@Lc@Vk@bA_BL]FKb@_A^m@LOR_@XWr@gBTUP_@`@m@b@aAl@iA|@uBR[DMFYbAyD@QTq@NmAr@iDN_@ToADe@R{@T}An@mCFa@Ry@R}@b@mDX_BL_Bd@sCDq@p@mDNuAJe@LiAFUBe@Lc@RqA^{CX_B^wCRkANeBPq@d@kDj@yCRsBr@iDFg@XiBVoBBs@\\aCVgABu@DWPe@ZmBNs@NkAXkC^kBFs@J_@n@sERkA\\_CHmCD{DJcB@cAJkAAmABo@AQHcC?m@Da@?[Dp@?fACh@Id@ApBUpF?rAG`AGfBYxE]jCoAnIUjBYhAQhBM\\YvAOvAi@tCCt@Kf@GhAO|@Eh@SlAYlASdBe@vCKx@g@bDk@nC]lCUnAUnBQ~@UvBWvAKrAM`Ac@`CGx@y@fEKpAMx@[bBIz@k@vDK`Am@vCQpAWdAIf@Wz@Kd@W`AY|BK`@AJA@Ef@_@nA_@lBSnAc@|Ae@bAMb@_AxBQ`@y@rA_@dA_@j@IRi@fAi@x@u@~Aa@j@m@lAc@t@ITc@l@c@~@s@fBS~@Uv@Ov@k@`GAR_@xBIfAYlBKnAUpAk@zEOp@KnAIb@UtBI`@S|AKd@WzDKb@Y`CM~A}@lGSrBUtASbDOhAI|@Y|EQlAKrA_@vC[|DEt@SnAInAGZIzAMvAu@hHCd@YfCUpCA|@QrBYzAAh@K|@GTG|@O|@OdBKjBMt@a@nF]pCGjAShAi@nGWvBOd@QHK@kAe@]K_@Sq@OO?m@K[BcAK]@]Eo@HWJQ?]GoBDoAJMFMLOVOL}AH]H]G[Hm@Dg@NM@_AGkDReB?aAHm@RK?qAGqAFo@Ao@d@GJAVH~BJbA@j@?h@MpA?f@Eh@"",""resource_state"":2}",,,,,everyone,,g5740633,,3407311580,3.365,4.7,1,179.9,196,,1,98.2,78.9,0,0,,264
2,"{""id"":23695877,""resource_state"":1}",Night Run,5800.7,1730,1730,9.4,Run,0,3181032352,D0685F2B-840C-485C-ACA5-B0AF3A164B43,3400404797,2020-03-14T02:53:40Z,2020-03-13T22:53:40Z,(GMT-05:00) America/Toronto,-14400,"[43.210089,-79.598713]","[43.210227,-79.59854]",,,,43.210089,-79.598713,5,3,0,1,0,"{""id"":""a3181032352"",""summary_polyline"":""_nvfG~rydNCp@EVIdAa@|B]tCw@zEKdA?PWdCY|Ak@bEI~@WdBEf@Kj@C^GX[jCm@lE[lCSjASbBShAIz@[nBG|@HaBHy@V}A`@cDTmADy@ZmCLo@NuAToAHoAPw@TeB\\oBb@_DHe@Dc@Z}Bn@oHTaALeAJ_@j@yD?OL}@J}ALgADOHaAB_AEoCIwBGk@@_A?YPyBJk@^iA^w@T[XWLSn@_@`@SFGLc@@]ESYI_@FQJq@vAwAvCk@bBQx@E`@EdBCVYv@Ib@g@hAe@|AKlAEXCf@Sz@QX[x@iAdCUVMJc@l@ILW|@QZ{@nA]\\Wb@ET?^BZ^Rf@FJFEDiAg@KS@]Pw@\\s@jAeBPSt@}An@aAVq@pBsEJe@Fu@?WHo@fA{Bp@eBJkCR{Ax@qChBoDRSj@CNBPH@FM`@E`@IL_@Lo@`@[b@a@^GHMVg@zAEXQn@Gn@EjA@n@Ah@TnBDx@A~@@lBEf@?f@l@^TFj@XNRPb@Hh@?n@Et@_@xBKpAe@pCCR?Le@hD]ASB_A[e@KMGGK@WXgAVwBF]FMFw@H]b@wDb@iCCEc@WYI"",""resource_state"":2}",,,,,everyone,,g5351434,,3400404797,3.353,6.7,1,165.1,177,,1,82.8,76.5,1,0,,69
2,"{""id"":23695877,""resource_state"":1}",Zac helping me break 45min,11199.4,2970,2985,39,Run,0,3175520905,456EDD2D-CA46-4D37-B2B9-2D8379167279,3394264358,2020-03-11T21:10:58Z,2020-03-11T17:10:58Z,(GMT-05:00) America/Toronto,-14400,"[43.210271,-79.59935]","[43.210104,-79.598579]",,,,43.210271,-79.59935,5,1,0,2,0,"{""id"":""a3175520905"",""summary_polyline"":""eovfG|vydNo@dDAl@SpBQ|@KXSpAIvBMxAOt@a@rDMl@KbASfAIt@Qz@QlAYhDu@jEM`BIl@OnA]nBs@lGe@rCCh@@PRJd@Fb@LR@rBv@`@H^L`@D\\JxBz@lBl@l@ZjA\\JBRJbBh@`Aj@|Bh@r@Vb@Hb@Vn@X`@Hb@PbEhAnAb@`@FpA^bAPHI`@mANi@Pe@`@u@rCyG`ByCd@q@Xw@`@w@V_@Nk@x@iBbB}Cf@kA\\q@b@u@`AiAlAmAdAqAd@a@d@o@d@c@f@q@ZYb@q@tC{CLS`AcApAoBlBiB`@u@ZqAXmBHeANy@NwBZ}CBk@JcAFURgC`@wDJyBHy@AWFeCFi@DcABmCHoDFmAJ}@?u@Bg@ByBF{@?o@HiAA]FyA@gADm@HoC@kBFk@AgAFm@@iCDe@DkCPaEAk@B{AFYJ_A@k@?eAJ_B?o@H}@BeBBm@My@?cAFk@Bk@Fo@D_BHeA?s@F}APkD@}@H_A?cABaAAu@JmA?OJ}FN}BDkCJsABqBHy@BcBEuABuDCeAFgA?_@DsAEuFEi@BsACaC@aBAaAImA?[H_AvBgOAWMImAW{@[q@Me@Eo@QWKODMNeBnDSd@]tAi@lDMhBMz@Gz@SnAAh@q@`EMbAIjAOvA]lCGNKj@QxBIh@AXQ|@YfCKxAU`AEr@WnAYrDKn@o@vFMh@[ZOVGZ?f@Kv@GxAMhAOz@GTQlAIxAAt@ObACn@W|BMdBUlBOjBKn@KvCWlBc@rEAn@UrBW`DIl@SdAGbBYrCGfAU~@Il@GdAKz@OlCMnAYdCGt@]dCg@zG_@~DGfAKp@MRKLS?_@[_@OQEKGk@OeAUi@GcA@cAEeALMFS?_@Cs@C_A@WBGN?n@GDADc@B_@Ek@@oAFSF[IO@gALOFe@Bw@AaAD]B_ADoABa@A[Hs@?]JYD]Ec@D_ACc@Bc@LK@MFKRKBMJELLnB@j@H~@B`AMjDEVGJMD"",""resource_state"":2}",,,,,everyone,,g5740633,,3394264358,3.771,5.3,1,190.1,199,,1,104.2,79.4,2,0,,223
2,"{""id"":23695877,""resource_state"":1}",Night Run,6903.9,1877,1883,14.3,Run,0,3158109794,01673013-2083-414B-9BA2-E53A463A7926,3374987476,2020-03-06T03:06:17Z,2020-03-05T22:06:17Z,(GMT-05:00) America/Toronto,-18000,"[43.210378,-79.598393]","[43.210053,-79.598441]",,,,43.210378,-79.598393,0,1,0,1,0,"{""id"":""a3158109794"",""summary_polyline"":""yovfG~pydNf@@R[Ha@Dw@Ha@?s@EcCOyCHUf@[b@Iv@A\\@b@Cd@Bj@FRHT]pCD`AK~@CdAIfB@x@Kp@OX@HCvA?dAE^Cl@QRKZWLCh@?JB^?pAc@`@EnBJ`@F|@T`@F`AZhAXH?LKDKFSPcB`@mGNoARaCd@yCNoCH_AT_BZ{CTyARoB@k@LoBT{BFkAN}AHyAd@iD^}DBi@NeCNcARyCXoB\\_ENcC\\kCBg@\\sBp@cJVwAZaCh@kFReCN_ATiBVoBNgBJg@Fq@j@iEWxAWdACP@h@QlBA|@WdCAn@k@vDm@zF[hCa@fCKvAGj@Ah@YdCOdCKh@Y`CSjBAXKf@SlBSbDSlA?l@It@Cj@UpBOhBYrBSnBGtAKdA]dFQ`AIz@?VIl@IvA_@lC]dESxAo@bHQpACj@[xCCl@e@~DSnCELMPMD[MSKqAk@qBi@oDG_@De@JeAGoBFE|@EJq@?MES@eBN_@Fc@?iAFg@HgABq@Fm@Ay@Fw@ByBBm@H_@LqAIcBBc@Fc@TMNEP?l@JxC?bD?n@Iz@CJC@"",""resource_state"":2}",,,,,everyone,,g5351434,,3374987476,3.678,4.7,1,181.6,191,,1,93.9,78.9,0,0,,124
2,"{""id"":23695877,""resource_state"":1}",Afternoon Run,7726.3,2055,16767,23.6,Run,0,3140399995,4F7581AC-844A-4201-8E01-2553A922450E,3355308432,2020-02-28T22:36:34Z,2020-02-28T17:36:34Z,(GMT-05:00) America/Toronto,-18000,"[43.205024,-79.597989]","[43.204986,-79.59816]",,,,43.205024,-79.597989,4,1,0,2,0,"{""id"":""a3140399995"",""summary_polyline"":""knufGlnydN@ELMj@gA\\iAVkADkAIwB@{AD[FYBa@dAB|BNRM~@Of@Aj@@xALb@Jn@HpA`@^D\\JLGHIFSHu@H}BPaBD}@N_Ab@_Fl@qEHiAZeCFuAL}Ad@_EBk@T{ALiCNw@`@eFXyCLaATyCBq@JyAPgAl@cGHm@XaEv@iHJmBTsBJq@F{@FYPkCJk@FeATsA@a@TyBLg@l@kFNo@Dg@He@NuBx@cGLqAP_AP{B\\oB@QF[@]\\mCJg@`AmJJk@TuBZwAv@aCp@aATi@LOHEr@Dl@LPF\\HXClAH|A`@L@HKDi@XwADYDm@Aq@KoAEYOi@]o@a@c@ICMB[b@Wn@On@UzAM`@MH]b@QX_@x@w@b@e@h@c@r@y@`Be@lBGj@Mf@IdAEVI`As@fF[~C[pB]`DCh@SxAYtA]`Eo@bFM|Ay@jH_@jBUtBKj@Ch@IZ[RQv@Ef@ITI~AId@Ep@Kf@a@vFOzAKh@KzAO`AQnBO`AAp@e@nGEn@Kh@EdASrBSlAMtAKbBM|@_@hFAh@OfAEj@QpAEfAWpB]rFWfBc@jEIXEf@M|@Er@Kl@C`ASrAQdBAl@Kj@UvCENOPUBa@K_A]sBm@c@GsCM_@Dq@J}AEuADIL?ZMd@Af@AdC@dAO|A]jBIV_@l@IRG^"",""resource_state"":2}",,,,,everyone,,g5351428,,3355308432,3.76,5.5,1,185.8,197,,1,95.9,86.9,0,0,,146
2,"{""id"":23695877,""resource_state"":1}",ðŸš™ drop off @ mechanics. Got to get home somehow!,4351.9,1129,1129,7.4,Run,0,3127089910,7C21D13D-A8EF-43B7-99FA-54C9B7AB43D2,3340518317,2020-02-24T03:53:09Z,2020-02-23T22:53:09Z,(GMT-05:00) America/Toronto,-18000,"[43.192318,-79.561113]","[43.20998,-79.598216]",,,,43.192318,-79.561113,1,2,0,1,0,"{""id"":""a3127089910"",""summary_polyline"":""}~rfG~grdN]a@eAiBUBMFINM^Kd@]jAKj@a@bAOVo@`AS`@YZiAlB}@lAcAjDYf@U`AMjAa@|CI`ASnASzBg@dDk@nFa@`CMhAEn@SbAI|AIn@Ej@S~@Mz@a@hEQjAG|@a@pCQrB]jC[zDQt@GjBIx@s@~FK~AG\\K|AUbBMlBShBO|B[jCGrAYpBOdBGfAW`CGlAi@hFGnAIn@[rBQ~Bg@xDGbAS|AS`DOdA[~DKp@ShCEn@GXKlACLKTQDk@SQKoBk@y@Se@GcD?_ARuCIO?OJ@|@CDQBUAa@Go@BqCPw@Fk@LQ@q@Cs@DoA@u@Ag@DeBAi@Da@PsAEgBDg@N_@TIJI\\Dn@D~B?|AE~A@j@CT"",""resource_state"":2}",,,,,everyone,,g5351434,,3340518317,3.855,5.1,1,182.3,195,,1,94.9,79.3,0,0,,72
2,"{""id"":23695877,""resource_state"":1}",Morning Run,9239.1,2585,2647,37.7,Run,0,3122479558,3855722A-25BD-496C-AD7A-6CF67ACD30AD,3335393925,2020-02-22T15:37:58Z,2020-02-22T10:37:58Z,(GMT-05:00) America/Toronto,-18000,"[43.210475,-79.598473]","[43.209986,-79.59833]",,,,43.210475,-79.598473,4,4,0,1,0,"{""id"":""a3122479558"",""summary_polyline"":""mpvfGnqydNbAOT?HIBMC[FqCGcA@i@MeELKLC^Sh@I~@E|@DPAbAITG~A?PDrAIl@E^@rAKj@FrAM^ARE^A`@GnACTGn@B\\?^ObAERId@Cn@g@p@GLGt@CJ?b@Jl@Db@APBfAd@JDR?~@Xj@JL?HIJQLo@JiARyAFmADYl@wHJe@JgAFW\\mEVyB@]DOZwDPcAXmDLw@H}ATmBBk@NsAR{ALeCJeANoBx@_I@i@Z_DPiCLaAP{Bb@oDBOCi@BWRiABk@PoANkCNo@PoAHe@Bk@VoBDi@Ji@\\eCV{CLy@VeCHyA`AuFDgBNm@P_@BOB_@VmBVaDRsARgCTsARgBNu@JgATw@L}@h@qCNc@FIRc@Lc@t@cBTJx@HvBd@p@ZZHZPr@PBL_@fCUvBc@~BQpBKr@Ch@Az@JrCAv@BnAE~AB|AInBDh@?l@Hh@?f@?~@EZEjCDxBIdC?zAKjBAh@Kz@?rBKdBKjDGv@OpI@dAKlAAbAElA?p@KjCAr@Mx@CT?p@Gj@GhCE|@DV@h@IxBC~BErAEb@ExBOdB@|@EhBG`A?~@Cv@Af@KtB@TIjAO~IKtC?d@IlCGjD]dHIvCArAIz@CtAI~BIj@GvACLQAm@U[O_D}@eBs@yBi@aA[cGeCaCs@yDyA_@KOCOG_@KKGy@OkAe@]KkAQq@?u@Ko@A}@ZW?s@Ik@?_@FsBFAf@OLsAJq@NkAHY?iAPaAAgABIBiAF]FuAC}@BODKFa@DgAKkABeAJGDGL?JPnB?vAG|@Wz@?b@E`ACb@EV"",""resource_state"":2}",,,,,everyone,,g5351428,,3335393925,3.574,6.2,1,183.2,202,,1,104.2,79.1,0,0,,174
2,"{""id"":23695877,""resource_state"":1}",Long run ,14416.1,4194,4207,42.7,Run,0,3087131575,50AE738C-0162-44F2-804B-14ACA96B6954,3295879221,2020-02-09T23:40:31Z,2020-02-09T18:40:31Z,(GMT-05:00) America/Toronto,-18000,"[43.210253,-79.598371]","[43.210123,-79.598579]",,,,43.210253,-79.598371,1,2,0,1,0,"{""id"":""a3087131575"",""summary_polyline"":""aovfGzpydNTCZDHWCi@?sEOaEP_@RKZ[jBMvAFx@LFAHSJBPEnA?nBBbDUxBKn@IRBVKfAErA@\\KDo@LWtBAz@F|@Qr@EhDRx@RpAf@~@PL@PYN}@Hw@LgBBSHwALcABi@b@iDTeC?]ToBDo@Ls@PaBFo@DcAViCHa@FyAf@sDXkD@i@P_BDw@\\cDD_AX}CPyBNcA?OJm@RsCJk@^aFPsAVcDRuAJqA?QDYF}@`@iDDm@Hk@Do@HQ?QToBVoCDO\\cCr@uFPaCLo@Bo@N}@RoBBi@XsBLe@P}@LsBRc@NiADm@J{@Bs@Hi@@]NsANw@\\_DJi@PmBPaAt@uCJW^e@j@kAP_@AOpAaBp@cAd@kAJOp@}A\\k@\\cAz@mA\\o@LOVy@fBiEhAqEJw@b@aCFOTuAVu@RaB`AcEFi@No@LaA\\{AVeBB[RgAJ{@FsAh@_CPqB^mCZsAVcCNq@b@mCFm@FQLw@B_@\\mBFy@RaABc@^mCf@sC@Mb@wCFUV_C`@yB`@uCZoAH}@\\}BFaATkAJcAd@uCb@mBLqAToBd@_CF}@`@uC@[^iBH{@Ni@Cg@DqBAq@N{BDkCFi@BuBRsFAaANwG?m@BnBEbA?nBG~@F|@Cj@S`CCvCEh@ArAKjBEpBArBSbDc@|BOnA[lBUdB[dBKn@QvBa@rB[rBK^QrAMb@i@xDK`@_@lCa@hCWvBS~@SjBi@tD]jBOrAa@`CSdBGTU`CmA`HEdAUlAc@dD[xA]vCYrAC|@Qt@g@xDg@rB_AzFu@vCEj@Qv@SvAi@tBm@`Dy@tCs@jBg@|@c@l@aBjDg@`AKH{@vBs@pAe@bAaCxD}@xBMd@O`AWv@SnB_@jCG`AKd@Ef@s@~EOtAKb@Q~B[~BKb@MfAGz@GVIbAWfA_@vD[tBIv@Cj@GVUhC[bBW~COz@IlAMt@Af@q@fGC`AK~@GbAKf@YfCMhBShAg@tFInAWtBa@lFIf@_@tDa@rGQ~@ALDTGx@e@xC?b@]jCU|BQlCIh@KnAWhBKpAIb@Al@_@pCA|@WpCQdBIb@IlAOz@EL[Ro@Sw@_@mAUmA]yCIuAVm@GyA?eBLAn@MNoBDYFk@Eo@PgAJ{C?cCPkB?]FINOHi@KgAAeCLGDCTVlE@vCCjAMbBGTEDu@Y"",""resource_state"":2}",,,,,everyone,,g5351428,,3295879221,3.437,4.9,1,174.4,183,,1,98.1,79,0,0,,253
2,"{""id"":23695877,""resource_state"":1}",Morning Run,5098,1379,1379,3.9,Run,0,3082117501,B309DE7D-574A-4939-9C80-DE53B22C5B72,3290300947,2020-02-08T12:18:10Z,2020-02-08T07:18:10Z,(GMT-05:00) America/Toronto,-18000,"[43.185114,-79.517014]","[43.185113,-79.520114]",,,,43.185114,-79.517014,0,1,0,1,0,"{""id"":""a3082117501"",""summary_polyline"":""}qqfGjtidNAz@Gp@@Z?nIJdD?fBCr@@xAEvAF`HG~A@`@C`@FpICl@@p@CrDCX?\\I`BE`BBr@?ZK`BMpDArA@TK|AUvH@d@O~Aw@~EOj@S`Bi@nCMbAGfAm@dDg@hDUbAc@hCW|Bq@xEKpAc@`Ci@dEo@`EUxBOn@OnA]`Ba@nCIt@Mf@OxAs@lEMjAId@`@}Ch@qCXeCToAp@uFTwAPuAZ{Av@yEN{AVyATcBTaC\\eB`@sCToALiAT{ANsALw@x@uDFmA`@_CJy@Ny@Bg@\\qAVgCd@uDD_CJkBDiBH_ACi@BMHsA?{DBW?WJsA?iAHuA?g@Bk@H{EAmABaEG_E@uBEaBDk@@}BC}CD{CAmA"",""resource_state"":2}",,,,,everyone,,g3919180,,3290300947,3.697,5,1,180.8,185,,1,98.7,94.1,0,0,,93
2,"{""id"":23695877,""resource_state"":1}",4K with Richard!,4019.8,1302,1307,15.8,Run,0,3081983895,BE7E6E7F-3E80-4AC4-A506-1DDB285264E9,3290155779,2020-02-08T11:35:38Z,2020-02-08T06:35:38Z,(GMT-05:00) America/Toronto,-18000,"[43.162685,-79.472886]","[43.164017,-79.471193]",,,,43.162685,-79.472886,0,1,0,1,0,"{""id"":""a3081983895"",""summary_polyline"":""wemfGp`adNR}@Vi@HYBe@Jg@FWFMBQ?ODWVw@Zq@Lm@?QESGMe@m@S_@MMk@YQQWEKEi@c@[GM@OPWjAUvAWnAm@rBS^[`ASjAKV_@hBY~@g@bCIfAG^OXY\\QJc@n@Mh@Un@U^Ih@IZ_@jAWDYKmAHiA@gANu@DeA@KBk@As@BMB_B?]Bq@@sBH[BgA?OAuAJc@?EGQcBGqBEm@@QCyAGcBBmAEi@Ds@EaA?mEOeBCg@BwBC{ACk@A}BGeC?_ABEFf@@nBHlCEj@@fBB~@FnA?zBBn@Ad@JxBAfFFv@AbBFtAG~A@b@DjABf@BHL@`@EP@h@It@Bt@M|@BnAGx@DbAElBCZETAJBn@EL@XEJE|@?tAGj@?HAL@d@Et@JTAB]Xu@Lw@B]HYFm@\\sA\\o@x@iEPa@TcAd@_BRo@Fc@DSN]RaAVq@"",""resource_state"":2}",,,,,everyone,,g5351434,,3290155779,3.087,4.4,1,161.9,170,,1,118.4,94.5,0,0,,45
