resource_state,athlete,name,distance,moving_time,elapsed_time,total_elevation_gain,type,id,external_id,upload_id,start_date,start_date_local,timezone,utc_offset,start_latlng,end_latlng,location_city,location_state,location_country,start_latitude,start_longitude,achievement_count,kudos_count,comment_count,athlete_count,photo_count,map,trainer,commute,manual,private,visibility,flagged,gear_id,from_accepted_tag,average_speed,max_speed,has_heartrate,heartrate_opt_out,display_hide_heartrate_option,pr_count,total_photo_count,has_kudoed,suffer_score
2,"{""id"":17349694,""resource_state"":1}",Hello Darkness My Old Friend,0,1200,1200,0,Rowing,4213982284,,,2020-10-18T22:51:44Z,2020-10-18T18:51:44Z,(GMT-05:00) America/Toronto,-14400,,,,,,,,0,4,0,1,0,"{""id"":""a4213982284"",""summary_polyline"":null,""resource_state"":2}",,,1,,everyone,,,,0,0,,,,0,3,,
2,"{""id"":17349694,""resource_state"":1}",:),6322.1,1909,2773,43,Run,4203936557,garmin_push_5686766448,4497699519,2020-10-16T21:53:24Z,2020-10-16T17:53:24Z,(GMT-05:00) America/Toronto,-14400,"[43.199249,-79.229131]","[43.199366,-79.229085]",,,,43.199249,-79.229131,0,7,0,1,0,"{""id"":""a4203936557"",""summary_polyline"":""gjtfGbmqbNOHKCU{@IQa@Ge@Bq@LUOWy@_@oBIqAIm@SQMCWCe@ASGo@?WOOOI@]Ve@RWDwBCm@BuAKq@AkAG}A[o@AeAJkATq@V}Bn@k@Ik@?c@KOKMMgAeBUQiAa@yA[cA[YOk@c@YKcAWeCaAe@Ua@Wi@Q_AK[IM@s@Vc@L}@t@aBbBULECMa@s@_Da@iD{@iFOoBGOq@@g@Cm@B_AAwA?y@Bs@EsALiCCoAJ{CFqATi@@eB@mDF_@K?AAnCEp@@D@]?w@Ea@?k@E_@GEmBFg@?YCm@D]CoA@m@CkA?mBJg@McADg@HPARDTJf@Fd@CpA?b@En@@j@Dj@KZBLCVA~A@d@E|A?dAJnA@rAERMt@If@KdAGbBFh@?p@Eb@GbB@zCJd@ANEhAG~BEpAGzA@DAHRFf@VTNHNVPf@nAfITbBJ`A@DF?\\e@ZSh@SfAWh@Cr@DJBf@Ef@Hb@ZhBn@`@HVJlAn@b@Nn@VTN`C~@XDxC~@r@Jb@XRTR\\LLPBf@Ah@u@^Dl@Pv@Br@JzAOr@Bz@Lh@Af@EpCPdBG~@Bd@MJG^Ir@Ez@kAf@Uf@@D@TXJ~ABjADp@n@bCHJ`@HpBRV`@LL"",""resource_state"":2}",,,,,everyone,,g6838775,,3.312,4.7,1,,1,0,0,,51
2,"{""id"":17349694,""resource_state"":1}",That Stewart Rd. wind hits diffy ,13979.7,4363,4968,18,Run,4187210158,garmin_push_5669245377,4479838389,2020-10-12T20:19:53Z,2020-10-12T16:19:53Z,(GMT-05:00) America/Toronto,-14400,"[43.199187,-79.229101]","[43.199366,-79.229105]",,,,43.199187,-79.229101,0,9,0,1,0,"{""id"":""a4187210158"",""summary_polyline"":""{itfG|lqbNGFG?OUYw@IKu@?i@JO?c@o@Ui@YaAMeAG_AG_@IMaBK_@@]IOQKA]J]R_@J_@BUFa@@k@E]@i@CiCAe@CoAWyACw@FWFi@FWH}@d@_@HMHc@BKCc@W[i@y@k@QKUKeBg@sDy@UQs@gAg@mAc@}A]aAY}@Os@Qe@WkAYw@_@cC}@}Cm@eCo@}A{AyEMm@o@kBYcAk@wAoAaEgB_IcAaE_@aBWuAMKMa@Gu@Mi@SGY?WPwChAo@d@[Lc@?e@Uk@kAg@cBa@iBg@}AMq@YwB}@wEgC{NKu@Em@c@{CgBkJgAcHi@eCiA}GuBqNwGw]ASBMCa@Kg@BOBExA}@Ze@RGf@E|FG`@A|EErDG|CM~HIzEMxBKpACb@CtA@jAAxEOb@CvA?fBEpAIpAAzBIhA?hAIfCKzFIvAGpEEfEIdC?vBGzDC|DIjBKX?LDAFcAB[?_AD{DBuADeBJwCFcB?cBHq@@o@D_A?iJVmJPgDLoDDsBJiCBwCJ}CBs@BqCBm@D}FJiENeC@kDJsGHe@BgEJ_B@qCJk@Da@FKN@F^zAv@jDtBxJv@`EjBnKlAtHf@tDh@fDVhAXlB^rB\\|Bj@vC`@jC~@fEBXIp@Dp@xB~Lr@hD~@|GHf@`@pAn@|EH`@Dd@`AnEN~@HbAJf@NVXRFHt@fCJl@Ph@Xf@N`@HLZNpALjDAtA@J?TPj@jBt@t@j@~A~@lCv@nCbBnFh@fBpCrKVvAxAlGVnALP\\PlA\\b@Pj@JTHj@j@h@`@t@z@TL\\B`A\\jAKpB_@~@KrAY`@Cd@Hf@L~AHd@Ap@Fj@Cn@Bd@A~ADd@Ar@S\\EXFnAmAJCh@Id@BNh@Fx@HvBLr@\\rARj@V@nAI^Jf@`A"",""resource_state"":2}",,,,,everyone,,g6838775,,3.204,4.5,1,,1,0,0,,176
2,"{""id"":17349694,""resource_state"":1}",Dad Strides Podcast Running Weekend 10K PR!,10012.1,2745,2745,10,Run,4178230543,garmin_push_5659973139,4470284654,2020-10-10T21:13:28Z,2020-10-10T17:13:28Z,(GMT-05:00) America/Toronto,-14400,"[43.190183,-79.288765]","[43.19146,-79.288293]",,,,43.190183,-79.288765,8,11,10,2,0,"{""id"":""a4178230543"",""summary_polyline"":""sqrfGxa}bNQ_AQi@o@aCs@_DeA}FQo@YkBKcA]oAo@sAMa@m@eAaAoBUYS[qAqCo@gA_AgBsEsH{@gBiCqEo@_AkCqE_@g@{@aBaBgC}ByDWe@w@eBw@yAg@u@{@}Ag@s@yAoCk@{@Wi@uA_C_B_DqAuBa@c@q@sAUq@[i@]k@WOe@h@]j@q@z@AD@ZHV~@dB~@hBvAdCp@xAlDdGl@lAHf@IZ]j@OLaAvA?b@Pb@d@z@\\b@b@t@nCdFpAjChBpCjA|B`@l@v@|ArAzBbA~AbAfB~@hB^~@Fh@S`@}BtCe@t@GT?Fd@hANr@L~ATjEXt@zCfGJn@@v@ApDj@zD`@~ABBX?tDKvCExA@rDQ`@?|BIfCAjBIb@K@EOy@a@uA]yAI{@[mBo@{CQq@_@aDUw@Yo@_@i@Mi@Ue@{@eBq@oAW_@}@kB_BsCWm@{AuBwB_E}@sAm@oA{AgC_A{AUk@{A}Ba@{@yAiCkCyDu@_Be@q@Ui@aA_BiBiDcBqCc@i@Wg@g@w@kAsByCiGmAeBsAcCmAoBSJWh@eAnAMZBHRj@`BxCn@pAdAfBVl@pBbD`BzC\\t@Hf@O`@iArA_@h@K\\J^`@t@t@dAlAtB|@|Av@`B|A~BdBdDh@hAZd@r@vAZb@rAfCnAjBv@xAvA~CDd@i@t@cBzAWZa@p@AZ^x@VlAX|D@~@Fx@JVp@jAj@rAZb@Td@Nd@Lv@F|@JfEZvBb@lBJND?pCAhACd@@~CKrAIzA?fBCl@Gf@?jAK"",""resource_state"":2}",,,,,everyone,,g6838775,,3.647,4.8,1,,1,5,0,,69
2,"{""id"":17349694,""resource_state"":1}",I want answers @garmin,8000,2560,2560,0,Run,4170032807,,,2020-10-09T00:08:27Z,2020-10-08T20:08:27Z,(GMT-05:00) America/Toronto,-14400,,,,,,,,0,4,2,1,0,"{""id"":""a4170032807"",""summary_polyline"":null,""resource_state"":2}",,,1,,everyone,,g6838775,,3.125,0,,,,0,0,,
2,"{""id"":17349694,""resource_state"":1}",Been tired,13002.2,4122,4122,19,Run,4152377059,garmin_push_5633056280,4442882147,2020-10-04T21:11:32Z,2020-10-04T17:11:32Z,(GMT-05:00) America/Toronto,-14400,"[43.199306,-79.229112]","[43.199442,-79.229003]",,,,43.199306,-79.229112,0,5,1,1,0,"{""id"":""a4152377059"",""summary_polyline"":""sjtfG~lqbNEAKUIg@?OBITEdAAVI@EAa@UeBCq@Qo@Os@Me@m@cBYq@e@cBMm@{@eCW}By@cD}@}Cs@c@_AYYMq@k@s@c@cCmAe@[eAa@a@]]c@][_D{@aAUm@S{Bi@cGgBsAg@_Bc@c@OwBe@cA[a@G[Ca@Ac@@kAIeBs@mAo@eBcAsAu@oAg@KOyAoI]_Be@kAKg@y@kCg@oCCIGE_@E_@@{Cr@k@He@NYf@[R[DQAMIK_@A_@}@uF]}A[iBa@cBMm@MaA[{AqAcIOkAg@qCFc@@c@Km@qA{FKw@]_Bm@{EQy@Is@Qo@Dc@VQTAjA?bADpBKfBC|@?dEMnA?|DQbFCp@CnA?lIQxESnLQ|BKfIIp@EfDGvCCtAGvHOvEC|AOp@CpA?nAEpA?~BInBA|BG|@?xAI`@?^H^PBAAIOAsFPqBCgCHsAGuAAyDTaCFgGVkCF}@AmEFm@FyCHqBA]Cc@AaBNu@?}AFaB?_CHi@CgCHuAJwC?{AHoDBqBJwACsAJg@?s@CuAB{AHcB@_EPuA@aFNuB?g@Cg@@mCXc@NJxBl@|Cj@lDVhALz@~@hF^xC\\~BNv@b@`Bh@~CXdAZzAt@fGj@lCZzBd@zBRfBLd@B@JA^OtBg@bCYhAS^CX^P\\vAjGbA|DXbBh@tBpDjLj@vBn@hBx@~Cr@vBz@fDnAjE\\pBt@jDh@pBNr@P`@n@Zn@RnARb@LhA~@n@`AZL`@?zA^zBOh@OvA[fAOh@?j@LvBPrA?h@CzBLrAAh@I`@O\\CRDJGdAeA`@Mh@@RTLzALtCh@nCHbAf@`Bb@lBRp@Jp@Fp@Al@Dj@RBtBAf@CTI?IOaAOk@UmAQk@Io@[gAKOOm@KS"",""resource_state"":2}",,,,,everyone,,g6838775,,3.154,4.2,1,,1,0,0,,160
2,"{""id"":17349694,""resource_state"":1}",Evening Run,12008.9,3518,3518,42,Run,4121890052,garmin_push_5601138151,4410482660,2020-09-27T23:00:40Z,2020-09-27T19:00:40Z,(GMT-05:00) America/Toronto,-14400,"[43.199188,-79.229025]","[43.200453,-79.228032]",,,,43.199188,-79.229025,2,8,0,1,0,"{""id"":""a4121890052"",""summary_polyline"":""{itfGllqbNWHKGSo@?WBEJAl@?\\CRI@E?MUkAKoA}@wDqB}Gc@oAo@{Ce@qBi@wAe@}AO]i@g@S[Wm@GKOMmBmA}@c@i@]_B_AcG{AqAc@a@SCEc@wAYkAWo@k@uB{AaF_@wAYwAa@aBc@sBeAkEk@_BQk@}AuFg@wBGMW[UAeGX{@KI@aA^aBd@}Bj@mFvAyBr@i@Hk@Ok@?c@Gi@LqAPoATSH]\\]b@CB]FUEY_@Ci@]qCUiAq@kC]qB_@eBkAiGw@yEc@aB]kB[kCSkA[}A_@yBCW?_Au@uFg@wCCm@PKZK`CDxIWp@BvCAfBG`BMzB@t@CjAOhCDvACjBIjA@tAMvC@n@Ah@D^Af@M`EOn@Gr@AjA@xDItC@`EQ|ACt@Et@@zFWbB@`BArAKx@?`EQnCCf@Fp@AbBMzADj@EnABx@EbEIlAJtBDd@Ep@DzBCvAMh@Oz@]b@K`@DPT|@zDJPF@DF^Vl@Pr@EDHEJkBpAs@v@a@Z]N{@P]J}CbBmB~@wGdCaB`AsChA[PcBtAeAn@sAl@gAt@s@\\wBbAaBp@cCjAeAZiBv@mA`@{AZi@Nu@P{HxBaAToAb@mGbBi@JeBj@cAT{GnB{A^}@^i@NYXKf@B\\^Xt@F|@BLVp@rBdAvDXz@b@pBh@hBd@rBRn@VxAL`A?v@MvAQ|@SbCCt@MnAAZBL^ZfBh@p@VfEjAt@N|Ah@zA`@~An@bBf@bBx@nAh@`Bv@xCbBf@T\\RjAbEx@|Bv@jDb@zA|@`DX|@^`BjA|ENt@nCdKZz@ZxAAFKRc@Lk@H[BUCQ_@oAkEu@_D_@qAYg@_AHODi@BK_@YwAGO"",""resource_state"":2}",,,,,everyone,,g6838775,,3.414,4.5,1,,1,1,0,,158
2,"{""id"":17349694,""resource_state"":1}"," Very easy, then got the legs movin’",9042.6,2754,2754,4,Run,4116901278,garmin_push_5596113027,4405180229,2020-09-27T00:17:21Z,2020-09-26T20:17:21Z,(GMT-05:00) America/Toronto,-14400,"[43.199248,-79.229203]","[43.199267,-79.229325]",,,,43.199248,-79.229203,2,3,0,1,0,"{""id"":""a4116901278"",""summary_polyline"":""gjtfGpmqbNKMOk@EY?IDIHCvA@L?BCBK?]QgBW}Ac@kBQgAa@sA[oAwAmEw@oCi@mBm@kCSi@QSsAo@_@I_@Q_@_@IG}CqAc@Wg@]UUo@OmHyB_Ba@kAa@qDcAsAg@a@KeCy@eASsD}@g@IU@a@Gc@AYKa@We@Q{@k@_@[e@Ys@W_@UeEoBSa@Ku@o@{CIq@Oq@c@yAqAoGQUEsANUnEoAbDiA|Bg@j@Sd@MlAMp@Qr@m@VM|B}@l@SxEsAjCk@fEoAfAUrBq@|C_AnBg@xA[|Ae@dA_@jFwA|B}@fA[tAi@bDeBjAq@~As@hDcBG@u@`@YRw@^{A`AoAf@aAj@qAp@q@TmAj@kAf@_AZqAXmAZwAj@kBj@iEdAw@LqCv@{Ad@uBh@cAZ}EpAy@R_Bd@gEhAkAb@w@Ng@TY\\_@RcCx@sA\\aBl@sDfAg@Ri@JgA^a@TEPILQJWH@@TJp@~@n@fCdDbOpAjElAvDV|@@j@tBjG|AfFhB`Ih@nB\\~Aj@xBf@hCfBtHp@dCh@fCrAjFx@jCRr@^dBN^X@zAAbFMjB@vACj@EpCC|HQhE@z@EhACnCQjCBBAFK?OK{@Ms@i@uB]aASeA"",""resource_state"":2}",,,,,everyone,,g6838775,,3.283,4.7,1,,1,2,0,,82
2,"{""id"":17349694,""resource_state"":1}","3 X 2k off, 1k on + cool down ",10063.7,3048,3048,32,Run,4103761748,garmin_push_5582728662,4391221573,2020-09-23T22:05:17Z,2020-09-23T18:05:17Z,(GMT-05:00) America/Toronto,-14400,"[43.199186,-79.229105]","[43.199272,-79.229373]",,,,43.199186,-79.229105,4,4,0,1,0,"{""id"":""a4103761748"",""summary_polyline"":""{itfG|lqbNGDKAKUKa@AWFKLCbAEN@PEDMEY_@oBO{@]aBUq@]w@e@aBu@_D]}@Oo@SuAiAkD{@yCQa@]My@k@_CqAg@Q_@UeDaBcBg@_EiAq@UmA[iBo@uA_@SMMMc@Qg@MqAm@eBg@o@Io@OoBk@iAUk@EmBCOCsAa@a@?g@Sc@WkBmAq@Ye@Og@YcAa@s@CyAF{AIqACq@Fe@Jg@LKHHdAh@zDHp@DXPp@dBrKTdAJdAGD[CgBAaBFgEFsCJu@Pe@@k@CaCJuAAw@HsBDgF?wBFuAJmDFe@Ac@ECCCWAy@Go@I{EM}AQGa@C[QMa@[_Bs@wGLYTCvAE`A@t@Ej@AhBIvACfAGpAMfAD`B?XHP^FdB?dCDx@?tDC~@H~@An@JdC?x@BPJb@X^V@~CI`@Qd@AvCCpEKfCMlDCl@Bd@Fp@Eb@@BBNb@l@jAVn@pAvH^fC`@dDTjAp@vBNn@Lz@t@tBv@jC`AvB~@dCd@vAv@vAv@jBNLxE?^EjDKtAIzD?f@EhA?fCGdA@lCIZ@`@Aj@@`BApAGj@?|BK`CCp@@n@E`BAf@IZAnBCtABv@EhAB`AEL_@S}AYu@Oq@iA{D[}AEKKCmAGeCLe@H[AGE]e@a@cAWg@sAA}ADmA@m@Bi@Ae@DcCBm@KsCGs@IsBMq@No@Zy@d@i@PAFA\\`@pB^xAlAnGN~@Dt@BHh@Bv@CnB@`@C`ADxAEb@G\\CtBAzDOf@?j@BlB?p@INGhA@h@Cd@BpAARG@E@[Iq@Mq@g@}Am@wC"",""resource_state"":2}",,,,,everyone,,g6838775,,3.302,5,1,,1,0,0,,148
2,"{""id"":17349694,""resource_state"":1}","This was sorta dumb/a failure - oh well, onto the next",5015.8,1632,1632,6,Run,4099478701,garmin_push_5578155485,4386704287,2020-09-22T23:52:47Z,2020-09-22T19:52:47Z,(GMT-05:00) America/Toronto,-14400,"[43.199352,-79.229164]","[43.199311,-79.229273]",,,,43.199352,-79.229164,1,6,0,1,0,"{""id"":""a4099478701"",""summary_polyline"":""}jtfGhmqbNKYOo@OUMAOBy@JUHI?GISm@Q}@]uBQwCIa@YIs@Bk@\\]^]FKMSAYVUNi@N]BaEBeAC}@?kAOSKc@EuAA}@Le@PYHyAXe@PM?KIm@cAcAm@{Ae@oAYa@EQGeAg@_@II?ID?TL`Bd@dClAdFdAhFlAdFb@nBNV~@AdBBf@?b@BtAGbBJ`@Ad@Gt@ClA@nA?hDOv@@dAQzAI^B\\?d@Et@F\\Cb@Fz@D^IVAh@Bb@M^Ch@?h@FjA?jAJ`@GTKBGBe@Co@S{@My@c@aBOc@[aBa@{AMSQA_DToATYBOMKY]k@Uw@Wc@e@?yAL_BJsBAiCHk@Ec@AuBOyAAyAGY@c@LwAp@a@Pc@TADBRf@rBhArFLr@JfBXVl@Nb@Pj@Hx@Ar@Nj@Ct@?f@Hf@Bx@EtAH^IpBGf@E\\Id@E|@FXCPMTCbAHb@Mj@D^?h@Gh@?l@Fj@CFEBQEq@QmAOk@]iA[{ASa@G_@"",""resource_state"":2}",,,,,everyone,,g6838775,,3.073,4.8,1,,1,0,0,,34
2,"{""id"":17349694,""resource_state"":1}",Does this watch make me a real runner?,14007,4426,4437,21,Run,4084803750,garmin_push_5562689564,4371182242,2020-09-19T23:35:12Z,2020-09-19T19:35:12Z,(GMT-05:00) America/Toronto,-14400,"[43.199082,-79.229078]","[43.199315,-79.229108]",,,,43.199082,-79.229078,0,8,2,1,0,"{""id"":""a4084803750"",""summary_polyline"":""gitfGvlqbNUJKBKIM]G]BMHGbBOJE?GUkAI{@Qs@Gc@WuAq@aC_@_BQk@GMQs@i@uA_@aCg@}A[{@k@oBWk@Mk@mAs@Wi@S]QO}@c@m@c@cEoBuDgAiBm@q@WUQk@gBg@gBc@uBq@mCSu@qA_G]gASiA_@sAMm@q@yBQw@]{@Oi@e@qA[wAe@_Bc@cBUCwAJiCFk@Du@Ai@M_@Fq@T[DkAb@s@NiExAk@JwAf@gAZ[FO?]OQCIAc@@a@IgARsA^i@Je@NIFW\\c@V_@BUOG_@IoAc@}CeAaEy@oECW@o@y@cE]kCgAaHaAgFOk@kA{GU}Ag@qCOgAAk@jAQf@?fAFb@C`A?dCMpFSfADlAA`AKbEQf@DpACdAD~@InFE`@C^Gf@ChE?h@@h@Al@Gf@?t@KlA@l@ExABd@AnCId@EzAGdAHb@A~AU~BIlAF^AnA@~DUvBG~EEvAGb@Ir@GzB@j@Db@?tCKtAAnABjAGpCGp@EvB?vBDpBN|@?`@K`BUpA_@PIAEaAVaAJkAFoALeGFgAPw@ByB?wAHoACmEB}CLmJLoCJcDB}ADqCBq@DyCHmAFwA?{DHuDDkCJsB@}AJuDBwCLuDDiBDeA?iER}C?o@BmDDmBH_CDs@Fq@AmAFk@?o@CoAJoADQBKPf@fCt@vE`AjFt@pDXpBGp@@b@nAhGbBbK^vBVhB`@xAl@zEFTLZ`@XPFb@ATSZOlAKl@Y\\A`@P^?`@Sd@QHRH^VPb@Bl@?b@Df@Id@Sj@O`Cy@h@Kz@Gd@Ud@]`@Ed@Q`@Kf@Qf@[r@StA@XF\\?fAlD~AfGj@fBf@rBXx@T~@N`@Lr@Hx@Av@Gt@U~AGRKt@EhBOfB?\\BD`@VnBj@b@\\vAj@h@PNHXH`@Xb@PFAl@XfATf@Fv@NzAn@x@PtAj@`@Jb@P`@Xj@Nb@Rl@b@zA`A\\@f@Lb@PVTFJd@vBrAdEzAlGdBfGr@vCh@fBFd@hAvDhBdHPv@APIZaAPu@DEAc@}@}@yFy@uB"",""resource_state"":2}",,,,,everyone,,g6838775,,3.165,4.8,1,,1,0,1,,137
2,"{""id"":17349694,""resource_state"":1}",Upcoming 10k personal TT pacing test,4490.9,1238,1238,7.3,Run,4075530161,B376A768-84ED-44CC-ADDD-04326DB362BF-activity.fit,4361363150,2020-09-17T23:46:57Z,2020-09-17T19:46:57Z,(GMT-05:00) America/Toronto,-14400,"[43.199261,-79.229123]","[43.199294,-79.229434]",,,,43.199261,-79.229123,1,2,2,1,0,"{""id"":""a4075530161"",""summary_polyline"":""kjtfG`mqbNCBMACGEQ@GGYEEDSDCXCJEX?VILDDCLANKGQGMEYGOEi@a@iAI[Cg@GO?SKOE]Ok@Qa@Mw@II[uASo@CCE_@ISCQWk@O{@IQI_@ISCOQe@WeAIe@GKIm@OYKe@CWMa@MWQKm@Ik@i@MCKEUOMCSOWI_@UUIEEKECGKCEEIC_Ag@E?]SKCSIO?MECEMCGG]IUQWGM?_@O_ASGGM?i@QGEQAGE{A_@]MEEi@MIGUKMAk@UWAWK[QMSICKAKEQA[KQCKEa@KEEQGUCIGIC[K]EKGSASSQCK@QESMKAWKM?SGEEm@KWIe@BSEEBYC[Bi@EUGQAYMSSGAWJMME?YQEAGIk@SSMq@YYUc@QEEMGSQMGEBCP@Hf@dBJP@PVn@VbAHJHTBTHLDVHLJd@N^DX\\dADNDHZnATp@BLPh@DBH^FHF`@LPHl@Pb@BRPf@?HHZD\\HRFXFRNl@DFXzAf@nBBXHRD\\JTD\\HNF^b@~A?NFRHr@P\\DVNj@FJFb@JNBH@RXdA?HLZ@VJd@FLXdBFJT`ALV@LTpAHNNp@DF@PL^?HH`@FNXpAXx@XjAD?\\GZ?NAL@d@?VE`@BFAX?f@EJEHBDAL@PCDBZALDJCN@DA`@@VG`@@PCXDVANGDBJCRD`@KZBLCDCFBTCPBJAH@JCJD`@?f@GTBv@AXGNBPCNBVADCZDPGR@JGRBJAz@Dp@Gh@?h@Eb@A`@Dd@Gd@@b@AJEFDZ@RCJC\\?XDRADQSq@EGCOMWS_AIOOk@GOAUGSOa@Ik@"",""resource_state"":2}",,,,,everyone,,g6838775,,3.628,5,,,,1,0,,
2,"{""id"":17349694,""resource_state"":1}",Just chillin,8018.9,2794,2794,32.9,Run,4070921104,2F49EB83-DD38-42E5-B749-6DED3F18B3A9-activity.fit,4356503603,2020-09-16T23:21:15Z,2020-09-16T19:21:15Z,(GMT-05:00) America/Toronto,-14400,"[43.199214,-79.229106]","[43.199378,-79.229088]",,,,43.199214,-79.229106,0,2,0,1,0,"{""id"":""a4070921104"",""summary_polyline"":""ajtfG|lqbNOHIEO[[}@KIcADGCa@TMCk@qAI[CCMo@EW?i@@[IeAA}@Ga@EA]Gc@@y@`AIRSFGC]a@UFKNULUF}@FyA?OB_C?_@Mq@?QGi@Bw@SqAC_APa@BOJw@Pk@H[Na@@QL_@@y@Sg@@MKu@m@O[AKCCMc@IMWM]MQ@q@Oe@A_Cm@OM[a@MA_@WUEYOm@QYOUQg@M][o@]OGi@?QG_@D_@E_@?eA`@ML_Aj@MRa@`@OTK`@Lj@AHMJc@?}@Rm@`@g@p@KFa@Fy@@y@Nm@h@M@YRWH]XELALOLOV?\\DZGTe@f@o@Jc@?SESM[@q@QUDg@AWQc@?WJUB]L{@x@IJMHk@_@EK?YIKa@HSCkAaAk@_AAOQOCKUU_@M_@a@KSGSMOMc@?MIW@EEU?c@Ck@FQDm@@?QjAILg@RQAKFGCOFk@HIJAHVh@RVTp@\\p@Tb@\\^FJDBFPAFHD`@t@BNXh@Nb@JLXCV@DE?OGOIEUAOQMUGUQQm@cACWJQHAn@HPC^Np@|@N^LJn@x@b@Xr@KHJERBHj@VH?LMP]VITUxAc@H?XNb@H`@Ar@LTCbAVp@ANEh@s@AeABOZU@MGUDGp@UNQPK\\]PKXCF@JIZC\\DZITDHEHSVQPU^WTI\\GfABREDK?QGWDS@_@BEAWPIZ_@@GDALUf@_@r@Yr@IX?h@DPFf@@PDr@l@`@NZVr@T^PZH`Af@h@LZ\\l@Fh@XbAXp@Dj@LLNHRRJRZf@bAf@PTAx@LFDTBZOdB]BEzA[HEd@EXIJBRCj@@r@NL@FC~@NvAAx@HtAEZFNEtA?FEb@Kd@[H@PZL@NEp@eAf@Mp@DDDDNP~A?|ABZIH_AAGCuAFu@Ck@@UDCCQAu@FoACe@B_@CoA?i@IG@OAQEk@?IDQGg@BmBKM@e@RqAz@O?UNGAQH[Bk@@MBMAOD_@EODUII@GP?FBDLBTKPERBtAGJ?JFd@`BJt@ELSLk@RGHAF?HFFLAR_@NSLIDIIw@K[?UQu@?IBI|Ak@b@]x@]fCBvALNDtDJjAEl@?\\BNE~@CNBHF@H@l@DTD|BLLhAATDVGPBJEr@?b@EP_@RIT[NIVDt@ILBJPZ`A"",""resource_state"":2}",,,,,everyone,,g6838775,,2.87,4.9,,,,0,0,,
2,"{""id"":17349694,""resource_state"":1}",Applying pressure,6005.6,1715,1715,14.9,Run,4060413898,EDFA6E6D-AE68-48FE-809B-8D48CD4F9923-activity.fit,4345451361,2020-09-14T20:54:47Z,2020-09-14T16:54:47Z,(GMT-05:00) America/Toronto,-14400,"[43.199062,-79.229045]","[43.198969,-79.230399]",,,,43.199062,-79.229045,0,2,0,1,0,"{""id"":""a4060413898"",""summary_polyline"":""citfGplqbNKJSD[BCCUe@Mi@GM]AEJ_@?EFa@?KBOGMUIESqAIYCYEUFKAm@DGKy@Aa@Iu@@IIKEASEY?UDSFONWb@SLMBK?WWO?E@SV[J[@OCODi@@g@ESHWASDUCKBGC{@C_@Ga@BKGU@GBG?QGKBOAQEKIKDKGSCE@MAEBMCo@LGAIBM?KDGAs@RY@CDu@FgA^SEMGQCo@@_@GQMc@s@w@{@[OIM[CSK_@Ac@KKI]EUIGGQEO@F^R\\@LFRBPXn@Ff@DDBh@L\\BNVx@n@tCXv@X`B^vARbATz@Nx@L`@R|@L\\Fb@HJNGJBXET@j@CPBf@KJ@TCNDhACj@GV@h@IRDNED@JA\\@HCNFx@ED@VAp@DX?|@Kv@B|ACDBHGV?JEr@@`@BVADB^EJBh@GFBRAPADCR?LBHAJEb@?`@CL@RCNDH?~@GD@j@AFBJ?b@Gv@?z@Ed@@P?NEV?NEbA?JBFSOm@S[?SGg@O]AMSo@Ga@KWQu@CCGa@IKG_@IWIa@OYQy@Ws@SgAUs@E]IQAOIUEEQ@U?EAW?]MGIk@_@e@KG@]CSBKCE@_@IMGQ?e@BKFKFa@p@QLOFKGUWG?KBMLG@UPODQ@MASDU?OEc@F]A]@GCWDECg@@aBEQEQ?y@IOG]?IG]EYHCEg@HICO@_@FEBUDGFu@ZMAq@FKDUDYNECYEUGS@a@AMGa@k@YYk@q@CSGKw@OI@WGWCy@WGB[Kc@SM@?JFRHHPr@NV?HJZP`A@RJZ?HJZDVJRJd@?Lx@vCBXHPB\\Th@BXPf@BZ\\xA@NRp@VlAN\\D`@L\\FDNGJC^@LAXBLAHBRALCZ?F@d@CX?FA`CCDCR@FBbAIDANDz@GFCb@BFEN@RCLBXAH@j@Az@@TCjBAXEVAVDRC~@ALCd@CJEJBFCl@@b@EDBf@CHBR?DCRBHE`@BZE`@DVCL@NGh@BPCL@XERB`@EDEAQKMKUOu@MWI]"",""resource_state"":2}",,,,,everyone,,g6838775,,3.502,7.6,,,,0,0,,
2,"{""id"":17349694,""resource_state"":1}",Achilles = 75% healed!,7009.3,2214,2214,35.6,Run,4050976483,D6349C8C-6339-498E-AFCC-AE5971967F4B-activity.fit,4335440393,2020-09-12T23:12:13Z,2020-09-12T19:12:13Z,(GMT-05:00) America/Toronto,-14400,"[43.199141,-79.229019]","[43.19943,-79.228974]",,,,43.199141,-79.229019,0,3,0,1,0,"{""id"":""a4050976483"",""summary_polyline"":""sitfGjlqbNSRM@KKg@mAKIa@Fe@CKJYDI?KGMW@Ie@qAMo@E[Bm@BME_@@SI]?c@Gc@OKQESAc@JMN_@n@UNSKCGQE[DUR_@N[E_ADc@EWHOEQFWCi@@ECKBSEW@s@MSBW@cASg@CSEQ?OD]Be@PIA_@L[D_@JcAL}@ZQ?SOKAKEUB]G]QiAiAc@u@WMO?u@QQ?m@Ym@KYOSCOBECEMECEIGGqAg@UCOMaA[OOkAc@u@c@]KOBKIQCKEi@AaAVIHK?[JWZYNS^KBKLE@KJAHC?CFENKR@HFJ@^MPI@UEk@BWFc@TMNGJo@r@OFS?g@K]BSJUDi@`@GJYTYFOJKHAXEHKBGHGRBp@KZQPKTc@Lw@CQESKg@E[Iu@Hk@WS@]Ha@@SH]b@SNKPUPKAa@WGKDQCIEGICYPOAa@M_@[SMQe@QS?GKSs@u@i@a@MMk@iAS{@Gk@Bw@FQDc@GY?m@Fc@DGHu@IaBGS?QCG?CD@DT@ZDT@d@C\\BLAFK\\CX@~@BFBZITANa@`@OFCFGDW?EDm@?c@HCBEHXl@JHj@bABRHJFNHLRLDPPV@FHDPRBLPNN\\@H^p@Lf@\\HRCHG?IEQa@SSWMYGIWq@IKISE[HIFCfAJb@\\DLRTJTHDTVDLr@v@\\Hj@GHDBH?HELBFb@RRILQXKl@e@XILK\\MZFRJP@b@APJ^@FFDCrBNd@GJSPKFQAYEGAIA]LSPGDGAWJQj@O|@y@VGd@U^GPFNAVBLJFAh@e@Zg@HC`@Wx@Ol@DZGDI?GMUFO?YAK@UDOPIBGNML]v@e@RCzAg@r@D^Hb@BPH~@v@PFFF~@XL?PF`Bx@XL`@HHTLFX@b@VZDNHrBZXPVZXb@`@d@?LPRHDHADDZ?LFDA`@RN?JBXMVC`@Of@Gd@STETMx@Qx@Ij@@rAV`@BJC`AJ~@@bAEl@?RD`@GPDd@CBDRA`@K^UVGPJHNL?FEBE?GXQDMh@c@f@CJFV@FLD`@APDJBX@x@AFBJCXDV@\\XfAJt@BXAJ@XLVCFBHDRJN@RLVRv@@VNZHd@L`@J`AAz@BPELDJFDF?DEb@FLELFj@IXDJCV@LCF@DE@MMS?GK[?QIMGYUu@CKQ]E[]qAKk@GQ?IQu@Cc@BWEEG?EF?HJ^HH?F"",""resource_state"":2}",,,,,everyone,,g6838775,,3.166,4.8,,,,0,0,,
2,"{""id"":17349694,""resource_state"":1}",Proceed with caution,4177.1,1331,1367,10.5,Run,4040587564,A1E217B1-1EC5-4F1D-8FA2-53A7B39893D9-activity.fit,4324473587,2020-09-10T17:40:49Z,2020-09-10T13:40:49Z,(GMT-05:00) America/Toronto,-14400,"[43.19929,-79.228983]","[43.199387,-79.229097]",,,,43.19929,-79.228983,0,3,0,1,0,"{""id"":""a4040587564"",""summary_polyline"":""qjtfGdlqbNOTGCCWD?DJAKMm@DONGPEf@D`@KPANGBQAI[m@Ki@O[BGSw@Ga@GY[{@Ms@Uk@Ou@Ss@O]m@yBSe@Oo@AQy@wCIm@WiAIOYcAGi@OYCMGIEEG@AGi@[MCOIG?IMECO@SYOASIw@e@SEWQUGQMYI[UWIEEQGIAMMUG[Sa@KKAKEk@KUGe@CKGQCa@Qg@KWIOC[MOEYMW?KGYGSCKCW][MSM]KG@KCSOq@Qg@SQCIEE@SCIE]GII[IKAKBIKa@GwAg@YEUK]GIGUGGE]Mc@Ec@?GCM?UEk@BEB_AMmAa@_@WWKWEYAg@]MEQKw@_@MKMEGGFBCCYOKACL@JRb@Pt@FFVz@Rf@HLH\\BDF\\JV@PDDFXHNBXt@vBH^LVNh@@JFPJPF`@Rb@H`@f@fAL^f@lCJb@HLBLBZNp@h@`B@ZHPBZHZLz@HPP~@DBDf@RXAJDJHp@Xz@HDV@XRPDLFXBz@Rd@BPDXVDHRLHHXt@l@h@DDn@DHHLDXAJFz@UB@r@KD@zAi@b@CHGPEV?JEd@?JEV?~@TPBHAh@FPAFBL?FDNCXFl@CXBVCP@HAN@DCFBJAXD`@Gj@BFEREZSFANGD?L?NTPBVWJYJELSZM^?BB^DFJD~@F\\?t@BJE`@@j@DTLXD\\JXCDBNPd@LDj@QZDd@EBCR@LJBTHTHJDR"",""resource_state"":2}",,,,,everyone,,g6838775,,3.138,5,,,,0,0,,
2,"{""id"":17349694,""resource_state"":1}",Quick feeler for the right calf/achilles ,2071.4,613,613,5.1,Run,4026686268,8F2B7F5E-0AD9-4F61-8953-60C7D80CAC4A-activity.fit,4309799190,2020-09-07T18:30:39Z,2020-09-07T14:30:39Z,(GMT-05:00) America/Toronto,-14400,"[43.198977,-79.228737]","[43.199338,-79.229059]",,,,43.198977,-79.228737,0,2,0,1,0,"{""id"":""a4026686268"",""summary_polyline"":""qhtfGrjqbNa@p@YRGAIG]gACUMKc@?ECo@NMHQDEAGIMc@Ea@Us@CYDMRMVCJIBMCGGCGDGTWN[J_A@EHO@m@CK@OAg@BGCM@g@AKBQCYBG?GEWFKDa@CGB]Bw@EEBS@ECw@?GCUC_@?ICM?ECi@?E@KE[@KE[?u@Eq@FMLGBG?[HCDk@X[XYHIHGLANHj@BZNj@@XKVe@XUBKVLJLQDCLYHEV]B[Ki@GMQgA@Wl@c@TAPMVWh@QBEVETBJCb@Hf@Db@A\\Fn@AVD\\?VBJAL@FDFAl@JvBGDBDAZ?LCV?b@EBBPGFBJCJ@JAN@\\AP@LCPDLCNBRCV@DATAPNFJ`@jAJRJb@DBZ?PI^E\\CF@PCJDJPX`A"",""resource_state"":2}",,,,,everyone,,g6838775,,3.379,8.9,,,,0,0,,
2,"{""id"":17349694,""resource_state"":1}",Had to stop - something ain’t right,2722.9,864,864,2.2,Run,4014529015,59AF22F7-E9E6-43E1-B829-0AE491D1B8F7-activity.fit,4296850154,2020-09-05T10:05:51Z,2020-09-05T06:05:51Z,(GMT-05:00) America/Toronto,-14400,"[43.199381,-79.229175]","[43.214313,-79.212803]",,,,43.199381,-79.229175,0,3,0,1,0,"{""id"":""a4014529015"",""summary_polyline"":""cktfGjmqbN@GFD@CMOGa@Ac@BUBE@?TFf@Bt@KJEHI?SU_Ae@mAAYEMSqACGG]Si@EY@YCIMGEIIUG]O[ESGIWw@G[KMC[GKYeAKm@AOMY?OMSGSE_@KUa@yAKo@GMG[Wm@E]KUECUs@MUIEI@OMQEKKME]GGKSGWSE?YIMQq@Wq@c@g@O]SEGE?s@[MAWKg@MGEUCQKWCYKiAc@i@MK@SQSa@Ic@[m@GQO}@Kc@MY?QKYEWIUCOMUQ}@KWKm@I[C_@Uq@CU[gAOUYoAM]Mw@GQEC[qAEKGWGIMs@KW?GM]@GGIOu@CCCWECEWIK?MMWEQKo@Sy@IOEUCGUeAEEI]GGIWUa@QQq@JKDQAMDMAODm@AMDMEIBMAKB[?GCYDUCWMIAWHGDYBq@ZYDSJWDULUBa@T_@FKACBIBa@RUFCDI?SFu@J_AXWDUHK?q@VKFM@GBQBWOk@AWDa@GSJI?OB"",""resource_state"":2}",,,,,everyone,,g6838775,,3.152,4.4,,,,0,0,,
2,"{""id"":17349694,""resource_state"":1}",Harvest szn,8107.3,2524,2524,16.7,Run,4007996186,1FA64203-666C-4E8C-866B-94DF7768CBBC-activity.fit,4290211672,2020-09-03T22:57:27Z,2020-09-03T18:57:27Z,(GMT-05:00) America/Toronto,-14400,"[43.199097,-79.228939]","[43.199327,-79.229343]",,,,43.199097,-79.228939,0,4,0,1,0,"{""id"":""a4007996186"",""summary_polyline"":""iitfGzkqbNGTKDEHW@GICWOc@?UPOHAd@B\\CPG\\AFCBGAQGKQm@GKIc@Sq@Ic@EKEUQa@E]MYG]Um@AUSo@UcAEIU}@g@kASqAUy@EYUm@I]GMOu@GOKw@MOGYCWGOGIQa@GGSGOME?MMKEKKKAOKM?MQ]IGKOCs@g@YGEG_Ac@OMYIa@WK?eAe@UCo@UaAUQEYQWG}@Ya@G}@_@WCWM]AECKAOMIASKo@MUMg@MQYQC_@Q_@EeA_@qA]WCCEK?g@S{@SaA[WME?EIGC}@KO@mBAEEQCI@KE_@As@QEDIAEDg@e@e@QCGWIYUSGIIiB{@KCc@a@KBGFS_@EAoAGeCBu@HYIEDq@Gs@@MDKJBRBD@ZCZBd@M^CPPr@@JBDDf@Tz@?NJx@?HDD?PN`AFLAHBDBTDDb@xB@^BF@NJ`@DZ^zADZEDo@Ai@FSCo@H[CiAFs@?e@DeA?CBm@EQDGCc@DQAIBWAE?[RuBDYRa@B]Ri@@MBw@CUDkA?k@BOBcA?o@FOYUFc@GM@KFYCeBDc@ECHGBYKGDM@}@Cq@BGAQBo@@EBaACYKEEDkCA}@@a@Ca@B}@EgBEIEAOFg@CIOIEM[Gi@GU?WGS?UMeBKk@@OOu@?GGm@@MXQp@Ez@@HDNEj@@TEJBRCrA@r@CHCTB`AEz@?LBNCVBRCz@?RCvAG^FHHBBAd@Bn@Er@BFE\\Db@ALDj@?TCJBvACd@@f@H~@Bd@AF@H?ZFz@An@CLF~A@d@FTLFZCVBx@I`@DJCNDPLRDRNd@EH@h@Ej@?XGNOPB^EJBfAAVBREh@Bz@GJ@REj@Ef@DNCn@B~@Ed@BZCTBDCD@BE\\AZ@RCJDHRAJDNJHH?NJDVXdAJh@@\\DL?NFRDZ@NX|AFr@DFL`ADHFb@Bh@N~@Rl@Lv@L\\FZJ^BVJPBTFLB\\R|@Tj@Fb@j@zADRVp@DT^r@Lf@Vd@fAzCt@zADPVf@@FDB@LJXFFN`@LTPJxCAXCb@?`AETBPEP@XGVBt@EPBDCJ@DC~@@`@EDBt@IxC?p@IrGCbAGNFb@ARGzA?PC~A?n@CHCLBn@Ef@DNE\\BPEd@?NGb@BVH\\?DGLCh@?vAKNB`AAlAEdAD^CJEBGMg@Wk@Ia@EEEQGWEEKo@EOECQgAKKKu@"",""resource_state"":2}",,,,,everyone,,g6838775,,3.212,6.7,,,,0,0,,
2,"{""id"":17349694,""resource_state"":1}","Post beer, post bouldering ",5356.5,1619,1619,11.2,Run,3999117382,F0B633C6-3332-4EF1-8110-90DAF6BEA10E-activity.fit,4280789668,2020-09-02T02:53:55Z,2020-09-01T22:53:55Z,(GMT-05:00) America/Toronto,-14400,"[43.199236,-79.229052]","[43.199337,-79.229377]",,,,43.199236,-79.229052,0,0,0,1,0,"{""id"":""a3999117382"",""summary_polyline"":""ejtfGrlqbN?HWX?HH`@Tl@BTRb@Nt@HPTz@HHF`@JZFf@DFO^KNu@GGBOAEA}@HO?g@HOCIBICo@@_@B]A]DSCk@DGBe@C[@WCeAFECSBi@A_@DMAWDSAQB]ESBg@?KDOAu@F]CUDm@CSBc@?ICWFQ@KAKBWAy@Bq@Ci@@[?a@Bg@CQFOASDMC_@Fa@AEBWCKJGLGj@Dd@R`ADJHd@JRN|@N`@TfARl@Nr@BDRlADFLf@HP?HLXLl@VvAVz@DVRd@D\\NZBPDF@PFR@LFPBRTj@Lv@JZNz@FFDLF`@AJFVTp@Fb@Nf@B\\HPDTHXBXd@`BJn@p@~CZhABVGFQDSEM@u@AKBKCY@YCe@?MEKDW?SDM?CBEAMBSAQDU?MEOBy@Co@FMCUBEC[?UDS@}@Cw@BKDGAkADGCEEGc@@KEUAa@CSEaFHeAHQ\\sA?MESECGKIEQSIEMOIEYUe@Ye@_@k@UaASeAAcAZk@^]KEEWm@Ki@?c@C[BUE_@AqAM{AC}@K_A@k@DETIdBEHEV?RDTATGTMVYPW`@YFKHKt@o@RWXS@I?e@CCCMK[S_@Us@Wo@MSIYEEKS?GKYa@w@CQc@q@CQMYGc@@IDIZWZGNIFC\\BHEj@Ab@BJCRADBHEF?HDP@PGH@JEj@BNCbAAd@EH@VAX@JCXAv@BRADCJBR?TC^@VCP?NE^?HAn@@^CRBLCPA`@BPCDCF?JBP?LCbA?ZGh@@NCd@BJCZ@\\CPBTE\\Bf@E~@CNCb@?DCDBJCD@x@KPBNAJDVCLDt@Eb@BHEL@RCNBLEL@NDZCL@RCP@ZEh@C\\BpAGNBDE@KQ[I_@AQMYEWYm@EO?SEOIMAGIEE]GOCWMm@"",""resource_state"":2}",,,,,everyone,,g6838775,,3.309,5.4,,,,0,0,,
2,"{""id"":17349694,""resource_state"":1}",Very windy + new friends,11623.9,3531,3542,29.3,Run,3983749332,21D9B14C-558C-466F-8B7B-48DC0730B646-activity.fit,4264350517,2020-08-29T20:02:14Z,2020-08-29T16:02:14Z,(GMT-05:00) America/Toronto,-14400,"[43.199277,-79.229076]","[43.199384,-79.229052]",,,,43.199277,-79.229076,1,2,0,1,0,"{""id"":""a3983749332"",""summary_polyline"":""mjtfGvlqbNODIGC]IQ?WJMXK`BONM?I[o@Me@Ms@Wq@CSOm@OY?SUq@G_@EGAQGMMm@e@uAUkAOa@Q]Gi@[wAi@wASwAUk@@Ia@cAE[MKCWGMG@OIMUK?g@YOq@MOu@Yg@e@WG_Aq@cAa@[UsAg@kBc@kBq@e@Ge@QI?YUUaAQYY}@C[Qc@]_B_@_AC[Sk@My@c@yA?OUaAKSGe@[e@Gk@O]AQMWIi@eAgDUeAEISs@E]Yu@]aBGc@i@kAEYEEAYWy@Q]aAUUFcAAODgBDm@?}@M_D`Ao@J{@VcEtAW@qAXSLs@LMHW@i@Q_@Dk@I_@LcBPw@Ps@Tc@l@a@\\UAKWSEM[YmACUWgAOaAc@cBAa@OwAISYoBI_@Gg@Bs@ScBKi@KS?Y]{ACa@y@_FAYk@}BKu@KSAYe@qBi@}CMm@MgAq@sDA[Mg@KgACKBIPCTSZ@RE|@DvAGPG~ABxCIl@DbAIbB?hBIPDZGZFVAl@IVDtAO|@Bf@EtDKlCCl@GdB@f@B`BKHBnBKPBZGlCItABhBC`@GVDbDQt@@PEnGElESxABn@Ev@@^GhC@RG~@Al@@vAIvCIrAE~A?TE`@HdASpACzAD|CInBAJLJ@pGS|A?`BKPB^E`BBx@Sd@Wj@Q^J|@`ED`@FRTBFRt@XbAMBLENMFWVy@`@iAdAyAj@y@N_@N]Vc@LkE|BsB~@{@Xy@d@mAd@IJy@T}Ap@URmAp@iA|@q@`@_@LWTYJOJgChAeAl@UBq@Z_Ah@aA`@WPoAf@YBw@\\QLWDUL[?YN{@TiB`@gAZOJmCt@o@Jk@TgARo@T}Ct@qBp@g@FwAf@gCp@]PeATuBv@[BmA\\UL_AT_A`@Md@Az@HJr@An@DXER`@H^t@vBZhABXTp@Fb@J\\Zp@Jp@L\\Jp@Vn@Lp@`@xADZr@xBFbAEv@W|BK\\WtCAb@Q`ADTPRzBr@RLJRhAVb@R|@Tn@Jd@RrA^R?z@`@f@HnAf@pCp@t@ZhBjAlAh@fAn@f@Np@d@z@Z\\`Ab@`BTh@TnATr@b@bB\\`ANv@J\\VfAp@|BFHBXVr@Hh@Xl@@N^nAJn@PZLp@@PCHKHq@@SJa@@UJCHPfA"",""resource_state"":2}",,,,,everyone,,g6838775,,3.292,5,,,,1,2,,
2,"{""id"":17349694,""resource_state"":1}",New boot goofin’,11680.2,3720,3720,29,Run,3975640067,940DEA0A-4E1A-45DF-A636-2A467EE732EF-activity.fit,4255649026,2020-08-27T23:49:22Z,2020-08-27T19:49:22Z,(GMT-05:00) America/Toronto,-14400,"[43.199265,-79.229192]","[43.199293,-79.229108]",,,,43.199265,-79.229192,0,5,5,1,0,"{""id"":""a3975640067"",""summary_polyline"":""kjtfGnmqbNASQBIMMm@BWLIt@IhAAHW]y@E]c@{AQ_A_@gAM_Aa@kAKs@IOOq@Ec@]m@W{@QkAQw@m@mBE_@YaAQ[Ga@Us@Ki@UEk@_@y@a@K?MSaAg@oAg@mAs@MOWy@GKE?q@]sAWmAc@kAWc@Se@MGYMUSMi@sB]_A]_BYg@Ki@IQg@gCW{@AWMg@Yq@UkAOa@?Ig@qAIa@EKo@eCSi@UuAIOa@}AQ{@M]Ia@Uc@]_B]aAOESDo@UeBJYEmBH{@MmB`@OHYDi@Tq@Lu@Xm@LIHsB`@eBn@iA\\W?GFq@Si@H]Ki@PgANg@@ULeAZw@bAWPYM[WM]C_@]wAc@iCEUICAGGe@Ak@GS?S[eBFm@Ga@WyASo@KqAOw@Ea@I[QqAMw@CEs@uEQs@Io@Og@@KK]@GGMOaAK]_@}BKa@Ee@m@mCQoAMk@Eg@YaBIY@WFGVAbBBPA\\Up@EhB?ZCz@@x@?f@Il@@p@Cp@IpBAVB|@GdBETBtBKpACl@A`@BvDOfJKlCM|A@nBI~DC~@ITD~@IfGEnIW~@IXB|AGf@BRETBrHSlA?NGb@AnABnAK`ABtCEVEnA?b@ETBTEJBxDEf@GdBBpAIv@AHD\\I~@@XERH~@DnCOrBm@PFXXr@tCTlATCLTf@ZhAICRYXYVk@RgAdAa@VcAPm@Ps@G{@^wAz@cBv@WTmAv@}Az@QD[Te@La@TUFMLq@Rk@XiC|A]\\u@h@cBv@wAt@a@XM?QNu@VML{@Z{@`@ONaChAo@Pm@Zu@NULQ@EHW?QJcANgC~@M?uA`@YL_AVy@L{FjB{@J_@RgFtAw@NmAf@i@HYLy@P[N_FnAyAh@Ud@Cr@?^BDx@GhAANSN\\Jf@BBAb@BNPj@NZR`ALRD^JRJn@LVJd@T~@Nz@d@nAJp@^nALx@h@|AHbAAv@O`AGX?HMjAGTCn@]hCAd@BP\\Vr@HXRt@NDBFPf@L\\PzEpATLvBp@\\Bz@\\rBf@hAb@LDHJXHZVVHv@b@FJj@PVRVDLNH?\\TN@bB~@J@HNNh@T`ADD\\z@DP?PD`@jA`EVlAb@xAXnAP^Rz@Xn@Np@HRJ|@Pj@JLD`@t@pC@FEHIFqBBIZ@LLj@FJ"",""resource_state"":2}",,,,,everyone,,g6838775,,3.14,4.5,,,,0,1,,
2,"{""id"":17349694,""resource_state"":1}",New 10k loop,10315.3,3368,3368,22.3,Run,3963815177,794A64AA-C059-4FF7-9D2A-B2A4D7F9AC7D-activity.fit,4243059412,2020-08-25T13:47:27Z,2020-08-25T09:47:27Z,(GMT-05:00) America/Toronto,-14400,"[43.199237,-79.229094]","[43.199284,-79.229113]",,,,43.199237,-79.229094,0,2,0,1,0,"{""id"":""a3963815177"",""summary_polyline"":""ejtfGzlqbNUPATXfAP`@ZtA@VHNNn@BTTn@DR?HEDyAFg@Hs@AOFICQNQBOTu@F}@ASD}A?SEeBLs@@OBMJWQiA@kCLyADEEYDwA@s@Cq@Fq@CmBFy@HWEmABaACWJKv@?JDf@L`@NhAf@|AXrAPb@ZzAX|@Lx@JTr@|CNf@D\\f@zA`@jBPh@BZVz@@NLf@DXJNJf@?ZH^^dAPfAVx@Lz@FJP`ATn@f@vC@PX~@CD{BDo@CGCSo@KEEFER?^MHUEODq@Ag@FOAGEcGNy@Hu@Cy@BWCu@TgABUR]JsC?c@FgC@g@F}@?mA@kAH_BOWDU@MISYK]i@uAYe@CSe@w@Wq@_AyAIG]aAUa@q@}@g@gAw@mAWSGOQQIQGc@Ai@EK[YGi@Qq@?KEIIs@ISa@[[eAOkACCCq@Lc@J_A_@cAU}@?WYo@CWo@y@a@]GOa@g@AK[u@Mk@Ug@Ge@K]Eu@OIo@GMICKCq@QaAA_AIe@?KYoAEmAVgAx@kAFST[\\YVEvAE`BXh@V`@Zl@TZBd@ETMBI]_DOe@Ms@K[ECASMi@Yo@CYSi@[sASm@M{@i@cBWm@GYk@mAMKW_@Qc@OSc@{@gAuA_@q@?MIIOy@CSBu@GUeCHg@c@QC}@Bs@JsAEmERYGy@A]HUA]HOEkBFQEQWG]BUWyDAgCCi@OI_AOOSKc@QsBa@sCKeA?_@I]AmB@KCQKW?QDK\\G^Q~@KTKdAIbA[rCSjBRJMj@wAF?Zc@Lc@d@Sf@Iv@]bASr@[N@j@URAnAe@V?n@UXAZOP?RKTARMLUhACRKhAQVQnBc@ZFTAXSp@Sb@CTKX?`Dq@p@G`@Hb@KlA[TQv@Qf@Ud@KRQ`@IZSv@W~Aa@j@SFINGz@Ul@_@P?ZKpDA~BKtBCnAINBt@AvCM^DdAGpCIRDHEHDRj@DXL\\Jd@Rh@Lt@FNF^d@bB`@hARfAHNT~A`@x@f@xBRh@Jt@l@xA`@xAFb@Zt@n@nCPZHb@LX?FDJP|@Zx@b@tBPd@j@pBFb@l@|B@VP\\Hr@LXLh@DDH\\Vp@@TTf@VxAf@tA`AxDFn@Tj@XjATv@FD^pAHL^xAF^ZdADVf@dBJj@ANEDo@F_@Cg@HKP?JPj@DX"",""resource_state"":2}",,,,,everyone,,,,3.063,5.7,,,,0,0,,88
2,"{""id"":17349694,""resource_state"":1}",Afternoon Run,6011.5,1890,1890,29.4,Run,3946481942,864A2185-91AB-47E0-A7B8-63743B28AAD5-activity.fit,4224511674,2020-08-21T18:48:01Z,2020-08-21T14:48:01Z,(GMT-05:00) America/Toronto,-14400,"[43.199333,-79.229175]","[43.199548,-79.228867]",,,,43.199333,-79.229175,1,2,0,1,0,"{""id"":""a3946481942"",""summary_polyline"":""yjtfGjmqbNJMOAIG]iAQOaAEG@a@VG@OOO_@?KYo@GYIiA@}@Gy@E]?UCSEKQIq@A_@LKHO\\QRWL[YOC]To@Ri@BiAAUD[EYHS@g@CcBSy@FUM]IO@WC_AAQBCBQ?IDa@?GFQB?DIDSFKFSHUAMBQ?QLQAWL]@KGUYAOGMOSMIUGQOMAIIKAi@_@MAKGUEQCC@]GE?q@UWESM{@K]OG?KE[GGUQOI?MKQCGI]AQMICGGE?CEMCI?{@[YGCGQKMMQKCGSGEE[ISAGEI@QGKDGAw@JUFYDCDQRYNGLSPGHYTORG?YZAZCBFb@ELEDI@@AY?QLI?IDIAi@PONQHKLI@KDILIBCDM@U?a@I_@BCDEBKCIDK?MHs@`ASLK?MHI@CDKd@OLKNFn@C`@ERUJILG@EFOBGAEBMAG@QAMEI?KGW?a@EGEi@@Q?y@[I?u@REDk@Lc@\\S^MLE?WGOMGMFS?IGEGAOJSDUCMISWi@g@EQCA[g@IS?GIEOW[EIMQMYe@GSKKMa@Gi@ECEcA?k@F_AGOCM@MAI?SFGBSHUBWBGCe@@QCG?U@EA?GF@RMtB@z@DPGj@?ZEL?PD~ANz@HJJ\\JJFLNJNRNH@FLBPLBFLLHPJHNZD@DLHFTZd@^BDHBJARDZGJH?RAHPLNBPAh@g@NAFMNGJI^Eb@QVBJFRDjAFPDt@BFDVHTBNFNCFIFCF@DITONUBSGO?SBQN[NKDO?QFWBCJEXCPEf@k@FCFGDC^CHAVAJEPDRCNBJEPB?E^_@X_@z@a@`AA`@BJEH?BEH?DQ?KKa@Io@@O\\Sb@m@HAJKHCVYNCDEXELKL?PKF@VGHBP?VRT@NFH?l@d@^LHJTNF?BDRFLBPNJ@NFZFd@PJ?FH`@NJNJFN?HFBDn@LNL^FBDH?HFPBDABBH?NFVDLFJBNAn@RRND?JD^PFHVFZRNPVv@JJPDH?TO\\MTCDCD?ZKNIZEVKTAf@OPCN?VGNDXCTD\\@LBHFVBJDZHP@JCXBHABBh@D~@EPEp@@V@DAb@Bb@ABCPBRAHG\\GRQXQHDRVVKHKBId@c@BGF?LId@BHHRDF^HFBh@HLGzBFPB\\HLBj@VbADFJF`@KTARDRGDAF@FCJFJd@"",""resource_state"":2}",,,,,everyone,,,,3.181,4.9,,,,0,0,,81
2,"{""id"":17349694,""resource_state"":1}",Very easy does it ,6405.7,2284,2284,15.4,Run,3928677384,DB7820B5-9AC8-4CCF-9CC5-76E787859EEE-activity.fit,4205372227,2020-08-18T00:41:23Z,2020-08-17T20:41:23Z,(GMT-05:00) America/Toronto,-14400,"[43.19925,-79.229047]","[43.199297,-79.229298]",,,,43.19925,-79.229047,0,2,0,1,0,"{""id"":""a3928677384"",""summary_polyline"":""ijtfGplqbNJDQXARBRl@zBDVBFCBR^@TNh@Hd@BHFDHh@CPSBIAUDGCW@KCSD}@?IBKAOBOJCLGBIHE@OGO@ODGCa@DSCIB_@A]HECM?IBo@@m@AS@GBOASBGC[B[AKBYBGCM@IAOB]AIBGCMBs@A[Dk@@GBk@?ECeAFECG@IEUHa@?QCKBe@Ag@Fw@BOB[AK@QESBWEQDUBk@Ao@BWCKBKCQDIZ?RELC\\^zA?JPh@Nn@DHNx@Pd@D`@f@bBh@fCN\\XpAP^`@lBFLDTTp@Tz@Dd@Rl@Px@Pb@D`@JNBVJVDf@HZ@RNb@TjATl@Dl@HHHh@LVB\\DJL|@FPBDFj@FLh@rBB^UDaBBM@GAGBc@@OBG?EBWAQ@U?KDWAIBW@{@?a@CWBGAODQEo@DYAEBIAIBU@ICEBw@AIBS@IAIBQ@a@C_@BWGKWAS@IIO?o@@q@BKCi@@a@EiBDs@La@^aACWOSUQCI]]gAq@CGEA_@YQCMIOAy@Qs@Eg@F{@XUNQBSQYa@COOYIiEKa@@KE_@BQEa@Ay@OkAOg@i@cAOe@c@u@O_@GEG?GDU^WVINW\\UPYZs@d@m@RY@YF_A?c@DSEUBQFU@y@XM@A@WFSL[JWNKBI?KEEI?M]yAKQIc@[_Ac@qBSm@K_@C[k@aCO}@I_A@_@Eu@H[PQFKLIPCbA@RE^?BCH@VAJ@LENBRAFCFAPFVE^@TC\\?xAEV@x@AHCF@HAXAh@?HCD?PGL@FCF@~A?r@GN@j@EDDJCFBBEj@@ZK^Aj@DFCP@DEHDXCb@BREV?RCRBZCH@^EP@NAL@RE`@CPBTCl@@dAEP@LCXBj@EJBf@CH@PC`AADCZ@\\ERDNAHBHCX@PC^BHEF@\\GNBHAX@HGXDJCFBj@EHCTB~@@v@EZ@\\EFCv@@VEDBt@A\\@TE\\@\\GTBDCJDtAEHAD@LCTBPCV@JCHBb@EPBp@CV@PEFBPEZBRKJFHAF@LEJB^CNBJCHBLETBFCH@RCR?FAFBDAT?BE?ICSWi@CSQYWoAIIAUGOG]?KQ_AMe@"",""resource_state"":2}",,,,,everyone,,,,2.805,4.2,,,,0,0,,19
2,"{""id"":17349694,""resource_state"":1}","Took a walk down here this afternoon, figured I’d return",9942,3380,3395,18.7,Run,3919021889,73B0CCC2-52CC-471E-83BB-628BF8C58A9D-activity.fit,4194834284,2020-08-16T00:02:20Z,2020-08-15T20:02:20Z,(GMT-05:00) America/Toronto,-14400,"[43.19933,-79.229237]","[43.199288,-79.229335]",,,,43.19933,-79.229237,0,4,0,1,0,"{""id"":""a3919021889"",""summary_polyline"":""yjtfGvmqbNAb@Ht@d@hA\\fALp@Vx@PvAFFF@~@C|ADl@hA^bAH\\Nd@\\tBf@pA^jBRt@BV\\|@V|Ar@nCDZXdAd@|Bn@hB|@jEd@~ALRJb@?PRr@Hj@f@lBd@|BX~@A`@Q?GPTf@h@r@FN^rB@\\Vv@Db@p@dCF^b@dBLz@N^JhARn@`@zBTv@r@~CD\\Vr@f@~Bh@zABZN`@R|@Vt@F`@h@lB@Nb@|@Ff@Nh@L|@JZMLYBCF?PLXj@V`@\\d@rAt@lCAJCDQFOROF_A|@g@\\MNi@b@o@t@[J]Tm@j@sA|@MNqB|AILg@b@SJm@j@o@d@y@z@{@v@{AlA_@b@WPk@v@c@`AQj@UpAMZEd@ITWG_@@SNAd@ERCl@EZEJC\\OTYr@@VEb@Yl@e@p@e@lASTUl@}@rAQ`@Y`@M^]d@KVUxAQpD]nAUb@g@d@aBt@Kh@STi@VYAENRh@p@fANBZKHBXh@LDvC`@lCl@NAHGHO@OFE`@DjH^XCv@LvCHr@Qj@i@NEPAPTL@VK|CWJWTSHODo@f@iBdAcCHWb@_Av@wBNMLW\\cAn@uAt@gEV}@@_@IIYGcAi@{Ai@MMoA[_C{@o@KWOmCu@MUO?YSi@Mo@[kCk@}Ak@a@?GE@DJIHU@OEKm@H{@MwCMq@]Yc@g@{A?UKo@]_AYyAa@eAIi@Q_@AQIOMm@Yu@G_@Um@WqAWk@m@yBm@aB[iBOm@Qa@o@aCIOQo@WeBUc@]{AUm@UeAQa@u@}CIUAUa@gAYoAOa@C[O[m@_CY{@[i@Me@m@mAQm@gAyBYy@OWAK]y@i@cAI]IKQe@[_@cCaGGk@DUn@Ib@q@f@EW}@c@yBGg@?k@WoBQ}@GGE_@i@}BOu@OQKi@]}@Mk@Eq@Qe@WcBUaAKSSiAKS]kASy@CYKWIi@IOKq@OYUaAO[SsAMYg@oBK{@m@wB@MNY`@BxBGNQl@Y|@GhAAt@Dv@K|@A^BPG~@Dn@A^GpACtDCNBlCQr@DtBG`A@TGl@BJGhA@JDrAGJBLI?IYiAKEGSAWOg@Mo@a@kAI]Gu@"",""resource_state"":2}",,,,,everyone,,,,2.941,4.4,,,,0,2,,89
2,"{""id"":17349694,""resource_state"":1}",3 in-grown toe nails stopped the restart but we back ,6483.2,2170,2170,35.8,Run,3906689316,31C84175-B972-49E1-A03B-6FB0C262BFED-activity.fit,4181372273,2020-08-13T11:17:58Z,2020-08-13T07:17:58Z,(GMT-05:00) America/Toronto,-14400,"[43.199291,-79.229177]","[43.199402,-79.22911]",,,,43.199291,-79.229177,0,4,0,1,0,"{""id"":""a3906689316"",""summary_polyline"":""qjtfGjmqbNGCEDGAEGQk@Ea@KMEAGBi@AGBEHE?GCUBKDKAMKEOE[Wg@@IIUEWBKKi@DOCq@BSSgBCGOSG@IEE@KEUAg@ZMV]b@W@IMOEC?_@Vm@RQC[BQCKB[Ca@F}@@WCMBQEOFUGS?UGS@]EK?IDIIQAWGa@EIE]DWEWFS@[JWBUJu@NuAP_@NQLE?MEQMIMIGIYIMo@UUQICEGSICIG?CC]KUOYAICK@WGECIASKK@a@OGEG?YKkAUIOGCEGi@SCEa@K_@UK?m@Ye@OWQOCGIYISQKCIGy@UKAO?MIS@IDQ?MFs@LGDI?MJEJYHYRIBSZG@QXE?EDMTMb@D^MTEBIASDS@MFO?KDGHMAIBOTQJIN[T]BICg@DGDKAYNKEMDg@d@YNGJODO@MFIHCH?PCHSNKXAr@I^a@h@OBGAc@?KCOAe@KI@QC_@DW?SGGBUKSOWCYD[Nm@Ng@j@m@ZWOOOAGHM?GKMG?GF]DEE[MGGUQCMKQKICOKMCIS]OKOOKA[W[YQ]KEIGIWMm@Gc@?_@AGD{@AKBEAWBIEc@B_@BKDq@Jg@AM@YEg@?a@MWAIDLFp@C\\BJAn@EX@LMh@BVDLEd@Ij@EHUVKDIJE?AC_@LS?QHQAEDI@CPBFNJDFFFJZFFBLHHFTJLRb@ZRPVPZNh@JNNZBLX^N`@NPLHRBRGBGEWQKG?SS}@uAIIO]CO@KFITIZDVAn@TJLF\\HPHJHD^j@TRJRr@TLAFEPBHD@FGRBL\\LP@Va@RIHEFMRIPOf@EVKP@`@LHFHC^?NCXH`@@DBN@PF\\BF@DAf@?FEHAHIBGJGNSKeAHQHINI@_@LO`@MXUBKXQJAFE`@Qb@WJ?NHXDHARBZOT_@JIH?f@_@LCNG^ERATDJGPADCXW@MAEKMGSCi@`@e@RYXUPEPSVKROF?d@ON?LCZ@\\Fd@N`@Db@^TLLJVFJFb@LBFNFRBf@Rn@Nb@RL@VRDVb@ND?f@TDABDF@n@LX?HCVD^JBBTFJ?ND^Vh@VDDv@ZTb@FPHNFBHJJBPALK\\KVCVEDE`@CFEXCPKXCz@WLBb@ErAJ`@J^BZHHAZD^?f@?\\Cf@Dt@Er@B^CVBR?RGd@]D?VMHFBJLNL?DELA`@w@^[PAVDBDD?PHBFBZHd@Al@H\\AXBRAn@BVBD?HXnALLF\\LB\\Mt@Er@?FHBPFFNt@"",""resource_state"":2}",,,,,everyone,,,,2.988,4.6,,,,0,0,,
2,"{""id"":17349694,""resource_state"":1}",Evening Run,6451.6,2201,2201,33.3,Run,3782708713,45A0C154-020C-4DCB-82A3-09B3747860BA-activity.fit,4042737894,2020-07-18T22:41:36Z,2020-07-18T18:41:36Z,(GMT-05:00) America/Toronto,-14400,"[43.199201,-79.229172]","[43.19937,-79.229091]",,,,43.199201,-79.229172,0,3,0,1,0,"{""id"":""a3782708713"",""summary_polyline"":""_jtfGjmqbNIOGAIDKGQq@@IUSEIKCUDYAQ@a@RKEa@{@I[OYOkAAa@BWCMAUBIEQ@WI]Ak@GMKCc@?[HSRELMNa@b@QGSSMCq@b@Q@KFg@CSFMEq@@EAs@HUAUBOCGBa@GOBKCk@CQG{@?MAMGCCK?KEw@C_@FG?SDEA]@m@VEDEAE?IFM@SFKC{@Zg@BOKUEGEGOIGO[IIOAMKK@KCk@k@MCMIK?]OKAIGU?SGI?OKS?KGWCKCOKa@EGGa@GOGKKGAKQWIQCa@WW?IMKEqA_@KKMCQKMOQGIIMEUSa@Cg@Ik@AKDQ?YHc@DQHKLQDMJMFGJUNGLSRQJABHRFVFJBLDr@EBCAGMe@LWA_@B[BWFSLE?SPSDIHELKLQLS@]EUDSE{@RKDY\\OFGNKFSBOFUVEb@YTCV@N?PE\\YPEPONc@LMCUMU?IGc@KW?WE[Fy@QIES?MBYPSAIDE?GHG@OJKPKH_@b@QC[OGKDCIUDKCEGASJM?UACGIAYa@USIGKUEAEGEMSWCKKKCKc@UQUKGa@k@KIGIGc@GKCUIOG_@Ag@Hs@DI@c@EOD]EQ@YJg@DCEWBqAM{@F?@VANBNALBL?JBj@QhA@ZCRBj@Id@?^]HWVQCuAREDAHFRz@tAR`@@J`@\\@FFDDFBRXX?Db@z@Tn@Vd@H?FGBMCUKUAKD]CMECS?QGEIECGU@KDKLKN@FCBBX?d@NNJb@fAx@hALBRZLDTAZOF?FFBHGX@JZNN?LEPSJGZYFC\\YH?bASVP\\Hl@C`@Ff@@TFFDPB`@Bb@KJ?ZYFQA]BWAQDKZYBKAOBGDEd@Ub@e@ZW\\QZK`@CTFJENBHEN?TK\\_@HELMJCROFAFENEt@ANADAFIC_@EO@MHM@ICM?ILHJQ\\QXa@REXWf@a@j@OHETGj@?f@Nf@Dr@`@BHHBFF\\JVNXFZNJ@p@\\NBRL`@Pj@NPZp@Dr@XH?PJTANF^DLHN@d@JLHf@JRH\\Vb@P\\VP^BNDNLPFDVCXMNAPIr@I\\MVO`@Oh@EHEd@EJ@h@CJBP@XHb@@VDj@Bf@FVAt@JTAFCRDXCT@XCPDHCP@NCR?FBRCXKD?x@a@D?FDNRJDLGb@i@HE@Gd@W^?DBT@HJ?LJj@Dz@BDA`@Bn@DHAb@TjALV?HBDH^DDF?FGNE\\EH@DAF@DCj@FFBJd@Zl@"",""resource_state"":2}",,,,,everyone,,,,2.931,5,,,,0,0,,
2,"{""id"":17349694,""resource_state"":1}",Steady jaunts to begin (again) with...habits>performance y’know?,6127.8,2149,2149,33.5,Run,3768627225,0257440C-EBBE-438F-B5CC-41A2F46AC3B6-activity.fit,4026891413,2020-07-15T23:28:39Z,2020-07-15T19:28:39Z,(GMT-05:00) America/Toronto,-14400,"[43.199096,-79.229048]","[43.199393,-79.228992]",,,,43.199096,-79.229048,0,3,0,1,0,"{""id"":""a3768627225"",""summary_polyline"":""iitfGplqbNSNQEM]]i@SQKAKDu@IODUPO@IOCS[w@WuA?c@BIASE]?i@OyAGIUO[AQDOJUTIDQ`@GBKLEAQQMIMEE?UPCDUHEBSD_@@EBEAODECE@UAGEI?KBSC[DKCGBGAa@@ICQBc@As@IG@ECY@[II@[Ii@GI@EEa@BY?KDWAw@R_@DIBSNc@@OFUB]J[P[EQQO_@QMGMa@K_@WCEKCQSOECCKAIIYIYAMGGDG?c@IOKG@QIQCOKK@ICGEWKSC_@ISS_@QOAUUc@IUOOE_@SI?a@SQEm@e@c@Ma@YEBM?aASM?OFOAYHKFUBSJODeAl@a@h@KJCAI^QVCNNb@GLIBICOH]?a@PIBOJI@q@p@EJQJGAOBQEYBOGSHCBOBCAOFI@IBCFMBILG@OTIDk@RAHKNAHBFIFEACBOZ?NDV?TI\\[\\QDS@c@DSAOCIGU@UAKM_@@UBa@Gc@QM?QBQPEB]BYJEDc@RY^IDI?USOEEM@ECGMEODSEE?o@[o@gAMICOOU@Ce@g@E?KKe@BQAYJWVOCKOAIGAIQKYGGAKc@c@OYKOGU@EJOZ]VQJEL@HINGF@JSBM@]Es@@o@@QHU?OH_@@a@FI?FCLYlA?PBF?d@AJF\\ITE^EHC^Dl@Pl@Hj@j@`A\\VDHPFVRT`@FNNNHRNTHFh@j@NHVFZBNCJFDJGZ@DFDRBJHRGLSFAXYZUJMFERANKVGH@PLn@Hr@A^HP?VLNDHA?BV@b@CZ@JENML[DO?ME[H[x@QTMf@MDGF?DDJMXMD]FMZSR?PMh@IFCBED?LKLQRi@b@YVIFGJ@LEpAFDC`@a@@KCMKKEMIW@OLE?GHEBINKJSVQRIDGJENCVK\\CPG`AOFDh@BXFVLLJHLZTDATJb@HLHTFDDPBFFRDNJF@BDRFZLJJFBRLHAH@HRD?FEVNVDDBRFFFXBRHHAFFTAHDH?PHP?XHRLZDNLN@FBBHFDRDNHH@BFF@NPDRRh@RNLAVIJB\\GV@NCDBFGj@KPUFEF@\\KPAHCp@Ej@KXBV?x@RP?VDT?PDREb@HTALBb@KJBl@AlAFXCb@Dd@QNKLCLKTAFLDFLGNAHCR_@JMXQTGHCHBR?LBNH@f@F\\?t@AJDZEX@LE`@FL@JNVHv@PTH^DD\\CNEX@j@CZBFDJ^JN?N"",""resource_state"":2}",,,,,everyone,,,,2.851,4.4,,,,0,0,,
2,"{""id"":17349694,""resource_state"":1}",Afternoon Run,6804.1,2309,2312,38.1,Run,3758242762,59E3D70D-3877-4E3D-9486-461225E3890C-activity.fit,4015305419,2020-07-13T21:40:27Z,2020-07-13T17:40:27Z,(GMT-05:00) America/Toronto,-14400,"[43.199175,-79.229108]","[43.199335,-79.229097]",,,,43.199175,-79.229108,0,1,0,1,0,"{""id"":""a3758242762"",""summary_polyline"":""yitfG|lqbNGCWBa@qAQQ[?SGQBEAi@ZM?KKGYEa@[{@EWGy@HsAEGEy@GUGa@OIm@?WFk@b@S^MJE@QGMSMGK@_@Vc@N{@Dg@Ak@BWEw@HaAE_@EQB[G_@?uAWeAAYF]AQFW?oA^S?SLQDUAWFOHY@OEEKKi@KQKIOCIKSG]Ui@Si@Ic@Mu@I_A[YAaAWWCUIC@Qa@IIi@MCGGEWCGGK?g@Uo@QACYOQCMOYMQUICOMKCM?g@EK@GC]AY@[HU?]HE@OROFEFYHILGBMZIDCLQLE?EXGBKP@JCD?L@VDFCNMFKCK@IEKBIAYNOBWNMLE@IPYb@SNO@OIY@m@IOLECI@u@ZU^]Ra@HKFGLAJBFINMLCXBDAP@LAb@SXWFKLU@GBMAC@MI[CSIa@?k@Wa@DKAKB_@SQCUFGFK?YFYLOPOFKNAJUTCFMFKEKMSEMNCHAXPb@CTI`@FXA@@VHJET?FH@DGEWEKIECMGCEMHy@FI@WNg@@y@DE?GAGKKQ?YFa@Km@c@KUa@e@EWq@s@CGc@]E@]c@a@cAS{@@GEw@DYDeAGy@DOAOBGFk@@e@Ca@B[CU@GEMC]@FEL?RBH@THTFx@ATK^?VELCb@DfACDG\\GPQHM?EHMHY?c@ASHMHCCGBGCCI?AHJBLLNJZHJ?BZl@JVDDFPHJ@JLDb@f@P`@HJJb@Xj@NNH^JJFRNF`@APK?GAIKMYCECSc@CBKWMMYg@OIES@QAG@OBIDEH?TJFAJFRATDXPDDHTHJFTXZh@t@TNVJFC`@?FCFBFF?RAZDDf@Nh@q@NEZ[^QTAXKXJJBHFV@NCT?h@J^?l@TtAMRQDKHEF]GWDm@LML?BEDa@DK\\MVYn@a@RSJCHBHELC~@ANFNBVILIb@o@LKF?TW^EDBLCz@B\\MCa@K_@FYAQDSVSJGHKBMt@a@NMl@]l@Kl@C^NN?h@HPJTXXLd@^d@H`A^j@LPNXFNHL@TLRXL?@BHDL?l@LXLJ?LHDAPH`@DPDJFNDLCn@Nf@\\NBLPb@JXNFRLJVr@HDP?lAWVAn@SNMJAZQTCf@Oj@AjADH@`@RTAVDHAPHpAANDJARBnBCD?BD\\AZGL?PJFA^Q^IRQNGPPBHPBVSHQb@c@VMJA^DNBLJJdA?j@Ft@Ap@@R~@hDJBNCJIN?LEN@PG^?DDHZXt@"",""resource_state"":2}",,,,,everyone,,,,2.947,5.1,,,,0,0,,
