resource_state,athlete,name,distance,moving_time,elapsed_time,total_elevation_gain,type,workout_type,id,external_id,upload_id,start_date,start_date_local,timezone,utc_offset,start_latlng,end_latlng,location_city,location_state,location_country,start_latitude,start_longitude,achievement_count,kudos_count,comment_count,athlete_count,photo_count,map,trainer,commute,manual,private,visibility,flagged,gear_id,from_accepted_tag,upload_id_str,average_speed,max_speed,average_cadence,has_heartrate,average_heartrate,max_heartrate,heartrate_opt_out,display_hide_heartrate_option,elev_high,elev_low,pr_count,total_photo_count,has_kudoed,suffer_score
2,"{""id"":5108599,""resource_state"":1}",Morning Run,6623,2307,2400,51.5,Run,0,3921288208,garmin_push_5393927932,4197271435,2020-08-16T11:06:16Z,2020-08-16T07:06:16Z,(GMT-05:00) America/Toronto,-14400,"[43.485906,-80.507521]","[43.486142,-80.507927]",,,Canada,43.485906,-80.507521,0,2,2,1,0,"{""id"":""a3921288208"",""summary_polyline"":""odlhGhpjjNiAiDw@qCMYc@aBiB_GmAaDMs@g@_BOq@yAyD_@[Ic@]gA_@_Be@{AQ_@g@sBc@gAeBmFGOMKqEzE_@d@aCfCiAvAmBvB{AzAy@bAyAzAqCzCo@n@}AjBs@dA]`@}@z@gCxCaC`C}@`AwDnEs@r@Kh@Vd@xApBVd@jElInAlBfB~C`C|Dr@pATh@x@bA\\d@Th@nAtBv@hAr@rAdBpCp@nArAtBj@rAtAjC`BbCzCbFZb@FLC@Vf@nBlCf@h@b@Z`@Pb@Pb@Fb@BnBAnAMxA?DBn@EjBBlABjAPTJbAn@XV\\d@\\|@JPNKhByBfAiAd@m@zA{A`@U`Ae@f@KnAEn@KfACd@K~@e@jA}@`@a@l@e@Nc@Qo@{@cCk@uAYaAq@kBi@uAY_Ag@qAQYw@cBQUa@Xm@j@a@Xc@Hg@?WEe@O_A{@_@W_@c@y@k@_@]a@We@Iu@CiAK"",""resource_state"":2}",,,,,followers_only,,g6705932,,4197271435,2.871,3.4,88.3,1,174.6,191,,1,340.8,313.7,0,0,,80
2,"{""id"":5108599,""resource_state"":1}",Morning Run,5657.9,2087,2092,37.5,Run,0,3917198624,garmin_push_5389769708,4192827682,2020-08-15T14:31:43Z,2020-08-15T10:31:43Z,(GMT-05:00) America/Toronto,-14400,"[43.486046,-80.50773]","[43.486003,-80.507707]",,,Canada,43.486046,-80.50773,0,1,0,1,0,"{""id"":""a3917198624"",""summary_polyline"":""wblhGxxkjNbADf@Jb@Rb@Z~A`B~@v@\\^?Jm@zBGvBY`@mC@aATe@PgAx@a@Ji@GUMc@]o@WGOMFOX@r@AjABj@DRDbBJl@Gv@Z|CNhBVjBJ\\PdBIh@c@j@_@Re@Ps@bAONm@Vu@HwAt@y@|@Uh@UtAk@tAW`@mAfAcAf@i@h@Sl@j@pABp@W^m@r@g@b@k@v@YTkA|AKXOXGt@Mt@s@rCMr@Sj@WdAUjBa@JCGBH?GPAJo@Bm@\\oBr@yBJs@`@aA^aBRk@n@u@A@HAPWz@_BLOt@]LMh@q@N_@BALHNDP@FCd@u@RIb@W^_@LWDOFc@?s@Ju@Cq@OgBNiATi@\\c@^a@lBk@f@Eb@KNOt@iAz@_@\\c@Lo@?u@Ku@Qo@K_AUkDOo@Gs@AmCDw@Oq@@q@OeAIW?]d@Mh@FjAf@`@Ff@@^UVSJQCKq@oAU[a@_@a@YoCcAcAu@{@}@Wg@g@yA"",""resource_state"":2}",,,,,followers_only,,g6705932,,4192827682,2.711,4,86.6,1,175.4,192,,1,330.9,314.8,0,0,,71
2,"{""id"":5108599,""resource_state"":1}",Morning Run,3049.6,1119,1278,21.9,Run,0,3917196954,garmin_push_5389768357,4192825872,2020-08-15T14:08:48Z,2020-08-15T10:08:48Z,(GMT-05:00) America/Toronto,-14400,"[43.486029,-80.507784]","[43.486108,-80.507915]",,,Canada,43.486029,-80.507784,0,2,0,1,0,"{""id"":""a3917196954"",""summary_polyline"":""aclhGxxkjNnA@f@H\\P^VfCjC`NpG`@hAPr@`AjC|B`GGb@gDpCq@d@e@Te@HwAHw@NaAAa@Dk@Rw@`@_BvAx@{@RY?GIa@e@cAU[m@ILP`BzAVZdAw@LGj@Oh@GfA@`@C~@Id@Kb@O`@S`@[p@s@pAiAPi@{@kBWu@_@}@GG{Ag@_Aq@}@eC[oA{@gCe@EWi@[PC?c@Pi@?a@OOIu@s@_@Y]a@}AyAa@Ye@MsBA"",""resource_state"":2}",,,,,followers_only,,g6705932,,4192825872,2.725,3.6,87.3,1,171.4,187,,1,330,317.8,0,0,,34
2,"{""id"":5108599,""resource_state"":1}",Morning Run,6247.6,2046,2106,79,Run,,3907213193,garmin_push_5379542231,4181938732,2020-08-13T13:27:15Z,2020-08-13T09:27:15Z,(GMT-05:00) America/Toronto,-14400,"[44.89128,-79.736058]","[44.890609,-79.73617]",,,Canada,44.89128,-79.736058,0,0,0,1,0,"{""id"":""a3907213193"",""summary_polyline"":""oy~pGjmteNgAc@U?IBkA|@GH?B]j@_@ZaCjBsAvAeBvAy@`@g@A_@Ga@Oi@Ca@P[`@Yd@Sj@YbBUh@y@lA_@hAUf@e@t@Ol@Et@Rh@\\\\R\\d@|@Tn@Xh@Tv@d@rB`BfEXtAFt@JhBPjB@n@Ax@G\\Mr@[hAYh@_BzBu@jA_@`@m@d@aC`AyBn@e@Hg@Ag@KiBaAgAw@UMk@Q]?aAj@c@LkAXe@Ty@l@eCzBe@Pe@He@?c@De@FqBp@g@Jc@Pg@HqA@iA@g@Ag@@g@L_@Z_@b@w@lA]`@sCzDs@nA_@d@a@\\i@VmCl@}@Lc@J_@TG@Xe@`@Oh@Ib@Qz@UfAO`@Ob@YZc@nAoBz@aAp@}@^a@~AeCd@a@`@Sb@ElBCv@Id@Bd@IlAc@bBc@d@IhAIlASf@QXSpAqAdBoAd@QjAWfAo@h@Cb@J`@TfAx@bAn@b@Rd@LjAKlEwAjBy@^[d@q@j@mAp@oAL]Pm@Lw@HiBCs@Is@Oo@OgBWsASo@yAyCWiAYiBSo@a@}@g@eAYg@Wi@Eo@n@{A^c@Vi@Ns@`AeBRq@XmBn@{A^_@NId@I^Rb@Zd@Jb@QdAo@fAgAZa@bAkAbAy@hAo@\\a@n@eAp@c@b@?b@R\\HhAGx@n@"",""resource_state"":2}",,,,,followers_only,,g6705932,,4181938732,3.054,3.8,88.2,1,155.5,177,,1,209.9,190,0,0,,32
2,"{""id"":5108599,""resource_state"":1}",Morning Run,11240.5,4095,4139,114.2,Run,,3902571919,garmin_push_5374731844,4176909152,2020-08-12T12:54:01Z,2020-08-12T08:54:01Z,(GMT-05:00) America/Toronto,-14400,"[44.890932,-79.735946]","[44.890752,-79.736021]",,,Canada,44.890932,-79.735946,0,4,0,1,0,"{""id"":""a3902571919"",""summary_polyline"":""iw~pGtlteNy@Bc@Oq@Kc@L{@p@}@bAg@XsBhB_@b@Yb@}A|Ay@f@QFg@AgA]c@?c@R]b@m@vAm@lC}@tA_@dAe@r@Yj@Kn@?n@vAtBbAfCNj@Jv@ZzAhA|Bn@`CTbC?j@HrBApBKt@Qr@Wj@{AdC{AjBcBdAiAj@kCr@OTc@h@Wj@GjADt@GNgAd@gAl@a@La@\\g@~AUpAq@pAq@v@Wf@Un@AbBHtALt@Zh@^TlADhAa@hBOb@KZWz@cAf@Wb@JvBxAAFYd@YRYBOZHl@?VOj@y@dA_@Zc@L[^Rb@b@@b@Ov@_@p@e@Xi@Pq@Vi@Zi@z@gAPk@b@aBv@_Ah@_ARQ\\Nt@x@d@F~C{Cb@@jAVrADf@ClAQb@LzBdAdAt@^f@XV|Ar@`@QXgBTa@\\e@Vi@Pm@xAoBfAe@n@aAnAUd@DfAl@~At@^Zf@Lb@Y~@{@zFwGrF}FdAwAnEsE|AsAbAs@fB}@zDsA`@KvD_@jDKGVkDLmBTiATmCv@_CdAgBbA_DnCsEhF}@~@sB`CyAjB_@X_A~@yBdCy@fAa@\\]Pe@O_A{@iAa@mAAkAi@a@P{BbBw@bAk@xAy@bAWf@Cr@Sj@c@@gA_@a@YSi@gAk@gA_@mA{@c@GoARiACg@Cy@Wi@@a@V_A|@y@dAWb@Fr@?d@}A|@c@hAF`@aAn@S~@@`@ILm@`@U@g@VCF@NLfAGJQFa@AQDQEEY[[c@Ja@Gu@l@c@BKCUJe@Aa@D[\\e@Fg@PECI[ICFc@FJTQ?CYs@KGCKQCQW]s@GGo@@c@Si@L_@YWEOa@Yg@OGc@Pc@g@]YKQAMvAGh@OV?AQWc@?yAQk@Ew@Pk@TUb@GLJH?VUz@oA\\]n@wATcB\\mA\\e@dAc@lA{@^_@DK?w@Du@Vg@Xc@Pw@JQtEqApBeApAyA|AwCRo@TgBHkABq@Q}AKsB_@{Ag@wAw@uAm@{B]eBIYo@yAkAmBMk@Lo@p@qA^e@`@yAt@mATm@VmAb@eBXg@XY`@Qb@J`@Vd@N`@Ib@S`@[xA{AbC{BbBgA~@yAr@k@PCfAR~@Ed@DVT"",""resource_state"":2}",,,,,followers_only,,g6705932,,4176909152,2.745,3.7,85.6,1,168.5,186,,1,209.9,185.1,0,0,,117
2,"{""id"":5108599,""resource_state"":1}",Morning Run,11031.1,3790,3791,130.1,Run,,3897390181,garmin_push_5369406298,4171296065,2020-08-11T12:42:10Z,2020-08-11T08:42:10Z,(GMT-05:00) America/Toronto,-14400,"[44.890677,-79.735999]","[44.890682,-79.73612]",,,Canada,44.890677,-79.735999,0,5,0,1,0,"{""id"":""a3897390181"",""summary_polyline"":""uu~pG~lteNaAFc@A{@]WE]@SHe@`@eAnAmAz@w@x@_@Xy@dAe@^yA|Ac@LeC_@q@Na@^a@z@M\\g@~BIVu@~@Un@Qr@_AfCCR@NRh@\\ZV`@n@lAPb@Pj@\\hB`@nAn@rAVn@Z|AJr@PfEFhBCp@]xBQj@aBnCuAlB]Za@VcBt@cDx@KX{@fAIr@Ax@Ih@wAhAiAd@]f@_@~@_@zAUl@Wh@y@bAYj@On@Ev@Cn@RbBTh@\\Zd@Ld@Df@Gd@QlASlAO^U`AeA\\YX?`Al@`@Z`@NAP_@`@_@Z_@JARHx@A\\[r@Oh@y@^k@LMJBj@LJVBjB{@n@c@Rq@BWVm@x@iA^]Ze@f@eBv@oAn@oAPG`@T~@z@d@?jCcDd@?dAZpALr@AlAUXDdAr@jAd@`@Vb@\\X`@b@^lA`@R@Ve@Fs@Pq@p@}@p@{Ax@iAL[\\]XKf@c@`@Ux@S|@?`@Vx@t@dA\\b@\\d@Fl@a@t@w@jIeJdC{Cv@u@hEyE~DiDjBaApCcAhBe@~AUnBMf@?dGPb@DRKFmAAwAUsCGkBB_@GeB?k@WsGNH@DPlEBv@Ir@BlBTnGFbDWb@e@@uBM}CKiAFoBRwCh@}@b@wCnAyB|A_BrAaA~@uCzCuDpEsBrBoBzB[b@_@\\wAbB_@`@c@Ze@?q@k@_Ao@yAB_@EcAo@SBOJ_@b@]\\e@TUR]b@eAnB}@dAUh@Er@Qf@g@Bc@Ks@Yc@]i@o@eAk@OE}AkAe@?g@Lc@Bi@?y@G}@Ue@?a@T}BxBe@N_@_@[e@oAkAc@Qa@I_B{A]e@a@}Ac@y@i@q@{@m@k@USQa@UOOAoBJq@\\i@Ri@^]jBy@hAYjAe@d@U^[vBoDXk@Tg@Rk@No@JkB?q@WiBEs@QmBMq@Uo@qAwB_@cBGu@Os@Uq@g@eAsAsBAu@\\kATi@Xi@X_ARk@t@mAPs@Jo@f@wAVk@T_@VUZCf@N\\TZHb@@h@Q`@W^]^c@v@iA\\a@tAiA`Aq@l@q@Ze@^[d@Sd@B^XLDd@Cp@MNH`@\\"",""resource_state"":2}",,,,,followers_only,,g6705932,,4171296065,2.911,4.2,86.4,1,153.7,177,,1,209.9,184.7,0,0,,54
2,"{""id"":5108599,""resource_state"":1}",Morning Run,11045,3663,3669,123,Run,0,3892835551,garmin_push_5364729549,4166338098,2020-08-10T12:35:07Z,2020-08-10T08:35:07Z,(GMT-05:00) America/Toronto,-14400,"[44.893934,-79.73812]","[44.890801,-79.736065]",,,Canada,44.893934,-79.73812,0,7,3,1,0,"{""id"":""a3892835551"",""summary_polyline"":""aj_qGfzteNUVc@Vg@AkA]i@Ea@J_@X]`@KTOn@Kv@Mt@Sb@u@lAe@bA[d@Yj@Qn@Ar@Zf@Z^lAzBd@hB^jBXx@d@r@Vj@Vt@Z|ADh@PvFAr@SjB_@tAcA~A{@jA]^Wf@WV_@Xc@TeBx@u@Zc@L_@V[f@c@b@Oj@AjA[j@eBbAsAd@UZ_@`AOn@Mp@Wj@Sl@cAjAUl@Ix@Ab@@v@Dv@Lt@^d@^Rd@Db@A^WLElAYjAQb@Sp@s@`@Wd@Eh@F~Ar@?z@EHc@X_@HYXBdAKr@e@t@a@\\e@PY\\CVl@J`AW~@k@\\a@Ps@Tk@v@cAp@s@Vk@Tq@Vo@tAuBXK`@Nt@l@PF`@Sj@y@vAqAh@Av@HxAH`AAd@I`@?f@JbAf@~An@^ZZj@^^b@Vd@Jf@?JUFaAF[BIv@eA|@sBd@m@\\]`As@Xa@b@Ol@ClAFpAx@t@Vx@`@d@Kb@]`AcAf@[~@{@fDyD~@aAxDsEzA{Ax@cAx@{@n@k@`BoAx@i@dAm@jAk@d@OxCu@b@EtCUzCE~DZXEJO@y@?_@EaAOyBKcEYeGEkCIgA?_@FEDFHp@?dARzC?j@HhBDlELvBGxAD~BMt@i@LmAQkCScCDsBL_BTiBj@e@RgAj@aAl@iCdB}@v@yHjI_B`By@|@iAzAiBhBs@`AeBrBa@Z]AcAq@c@Ms@[OAw@D]E}@i@c@Fo@l@o@^]Zy@lAk@fAy@fAYj@GnA[d@m@MgAc@]]Ye@a@YKM{@_@kAcA[GU?e@Ne@DoAGoB[c@Na@Z}@v@k@j@c@L_@Wy@aAa@]gA_@US_AkAy@iA}@}Bk@y@KIc@U}@Yk@_@MQKYG_@Ac@Fs@L[Tc@JMVg@tGgC`@U`@Y^c@nCwERo@XwB@s@Ew@Cu@S}CKs@Qm@Wk@q@sAu@oAe@wCk@{AUg@Uk@q@sACs@Nq@Pe@r@oAf@oAXi@Za@Rm@XcBRq@Tk@Ze@h@Ud@BRF|@d@b@CVM~AwA`BkBhAiAp@k@dBmBf@WF?RN?@YGZ[f@J`@Td@Hh@Gf@P"",""resource_state"":2}",,,,,followers_only,,g6705932,,4166338098,3.015,4,88,1,165.7,184,,1,209.9,184.7,0,0,,95
2,"{""id"":5108599,""resource_state"":1}",Morning Run,10362.6,3265,3293,73.5,Run,,3868509543,garmin_push_5339678239,4139630359,2020-08-05T13:22:00Z,2020-08-05T06:22:00Z,(GMT-08:00) America/Vancouver,-25200,"[49.263619,-123.133196]","[49.26313,-123.132494]",,,Canada,49.263619,-123.133196,1,1,0,1,0,"{""id"":""a3868509543"",""summary_polyline"":""wztkH~qpnV]Ik@AaCLaAGiAYw@^Yj@k@|CWl@s@pA_AjA_@Rc@OKWKi@GSk@kASUe@M[S]c@AIJy@Rw@@sBVk@\\_@Tm@@}@D_@dAkAVi@Lg@De@Ee@e@_AW[a@QOCSY?{AIw@Yk@Ow@LaB?y@AsBK}BAw@D}@B_DRw@z@cAPc@Hs@@y@Em@Ss@We@Wo@Kw@Cw@Ku@Uq@a@g@Yg@I{@Fw@Tg@b@Sd@M`@WPo@F{@FsFG{@Yk@oAGa@Ko@i@e@Ia@SYi@]]c@MGw@gAo@_@mAkA}BQq@Wm@]k@YmBUw@Wo@Is@?y@Rq@Fw@_@m@]gBMsBWuBIaBWiBG}@]k@y@u@OYEY?qFBy@F_@jABVI@mDAYm@?IGAEEaAB{FG{BIy@[k@A[BgCGu@e@UO?mAF]N?x@LbAFv@Mt@[d@c@Be@g@So@Mw@CAwDNe@Q[aAg@EiAFOl@AvG@zBKnDa@bBMxGHt@`@ZlAT`@`@X`@?z@f@N`@R?rBp@|@j@bBXh@PLVh@f@`B~ArDRv@Fv@@v@Ax@UlAA|@Tn@@vBHhDAx@Sn@[l@Qt@IjACx@Bx@l@xCZb@dAz@b@CtCcAVp@H`ATr@Vn@x@zATj@Dt@Cl@IXqDlFu@|AEz@RrBBv@Jv@rApB|@dA`@^r@dAXf@@pBMp@Yd@Sl@Op@y@jAy@vA[h@Qn@?F^h@Fx@oBhDa@Ta@WQRYn@YZYf@Ob@OIg@Tq@pACN\\d@WtBSVi@@YK[l@Kb@\\l@Av@Yd@iA^]\\Yf@UTYe@_@Yc@Va@Ew@{AeAy@Os@k@y@^lA\\zBn@bC|@xE|A`G^rBfAtEdAzEn@hC\\nB^nAnCxLTt@Tj@|@vAd@\\|@d@hANf@Pd@AxBNC?b@PhBD`@IhARh@?j@NJQb@AhAHt@?DEEcBAoAHgA?sBD}Ab@E?y@[iB[c@Uq@K{@P_Ad@w@PsB@uBDYPm@EsFJy@d@[\\O^c@z@Yb@MfACdBc@b@Bp@GP}A?y@Fq@HCBOJKlA@x@FByBd@aBREpBPBIDy@"",""resource_state"":2}",,,,,everyone,,g6438415,,4139630359,3.174,4.8,89.9,1,166.3,184,,1,51.8,5.7,1,0,,77
2,"{""id"":5108599,""resource_state"":1}",Walk/Run,6155.5,2824,2887,57.8,Run,0,3863227518,garmin_push_5334241530,4133841393,2020-08-04T13:51:01Z,2020-08-04T06:51:01Z,(GMT-08:00) America/Vancouver,-25200,"[49.263711,-123.13272]","[49.263096,-123.132504]",,,Canada,49.263711,-123.13272,0,2,0,1,0,"{""id"":""a3863227518"",""summary_polyline"":""oztkHrqpnVoBFSCe@?]@_@FWp@E`@?tAEx@@v@QlBg@DqAXm@MY@e@AOLc@@WZMCGGQSOI]_@So@eAo@g@j@]]aAo@SAc@Vg@p@iA`@UNSl@[b@Qh@Kr@ARk@n@E~@It@m@Jc@PWf@On@Aj@_@`@Mp@@r@]h@]n@?d@HZCV[`@c@LUr@IBOLQHEHg@De@GUBMJe@@o@U]S]Jg@Aa@Yc@e@Wq@Q{AUOa@FYBgAf@QFWC_@L_@Xq@IiAx@s@\\QFm@He@RkAn@SPi@TUL[^IPo@|Ay@dA_@r@[z@W~Aa@vE?lADd@F\\LZNV`@TxAl@b@Td@NVTT\\Np@?~@GbDGx@DpBC~@m@nEWnC?bDPn@x@x@^Vh@?H@b@Rp@t@rBjBnEzDbAf@b@J^\\bBtB^`@hALbABJ[AcEBwEHmFCiDBa@Vm@@q@CyABiA?qFFmACoBD}AV{DDCb@Ht@F`@MJ?~ADjAEf@?^Fb@AVGf@Bh@AtAJZGLo@FC|CCXa@DgBB]?oBCuBGc@?WB@X@@m@Au@[wDAcAHi@?mEj@_CIsDHwBZe@b@O\\g@b@Ud@Mb@If@Ad@@RCd@Ab@QPKd@Dd@CVa@Bw@AmAFOf@?d@Hj@i@ZUHeA@y@Ew@BwAPu@C}@By@HUlAA"",""resource_state"":2}",,,,,everyone,,g6438415,,4133841393,2.18,4.7,74.1,1,130.5,180,,1,51.7,6.2,0,0,,20
2,"{""id"":5108599,""resource_state"":1}",Afternoon Hike,8504.8,6723,6723,300.7,Hike,,3860773582,garmin_push_5331574120,4131115046,2020-08-03T22:41:36Z,2020-08-03T15:41:36Z,(GMT-08:00) America/Vancouver,-25200,"[49.358767,-123.035007]","[49.358724,-123.035362]",,,Canada,49.358767,-123.035007,6,2,0,1,0,"{""id"":""a3860773582"",""summary_polyline"":""gkglHxg}mVAXSFILAXDDPDvALvAf@d@@`@TfAXb@P`Ap@P^\\Z^BFOFeAZq@D]@a@Gu@?{@Rq@BSBw@COJu@Bm@LeAJ_@Ai@a@aBWk@_@Ss@uASQWqAPu@Fu@Ls@PmBRw@Oo@GIMq@aAqAc@Lm@@c@CKSWUK?UJQGCG?SBKGWI@UREY]Y[e@c@Bc@Pc@?}Ak@e@Ee@Da@Re@DoA^]\\[HmA]iASCIHy@Po@B[Zw@f@u@PSL[v@cAt@uApAuA?Gp@iAb@Yh@SPQXe@Z[Ze@l@_@X]Pa@Nw@Re@HWz@eAFY~@y@Xg@`Au@fAgAfAc@`@[^SlAqBj@cAD[n@oB\\g@n@{ANWvAqApAwBVm@^UPUFQLs@J_@Tk@\\Q\\Bn@Gb@Od@Ej@Ab@Fd@EjAH`@N^T`@Hh@t@ZtAZd@DLZb@Xh@Pn@dAtFKr@DTHr@GjACH_@JoADoDS_@LYTiATy@~@a@T_@\\e@@IIQEa@P]\\QHe@?Sx@UXWp@c@l@IL_@PIRa@Vk@TOj@[^CJaAb@IPQPq@Ne@d@]Xc@LMTQd@q@j@mA`BYHg@\\s@dASPWv@u@h@sAb@_@ZEEEKWF]`@ERSn@a@NE\\MJQCWNQt@FRx@`@lASp@IT^HDAXLT@FTVVMLBBl@LHf@Hb@TRAZFj@I|At@BTThAFf@Ul@CNEt@Dv@CREb@GNMh@C@AHDJ?b@DZh@bANj@`@P`@Vd@~ADp@On@ILFz@Cj@Ob@Ct@DZAPMp@Cx@?TBRCFDj@?XGn@SZGTA^QbAOD[A]Wk@gASWwBk@YK_@[}@Q{@]qALg@KiAP_BKi@Hg@Pk@h@}@n@k@bAOf@Yh@Yr@Mh@Uj@cB|BGXa@pAYj@a@l@ELo@VYRSh@@HPNfAe@d@Kd@?f@Of@CxBTlADPADE|BNBF\\PbAR^Xj@XJ@hBt@DHLNK\\e@Gm@Su@q@gAWc@WgA[kA?yAWkABc@Ye@M{AAc@Lc@@a@P]\\c@MEWt@cADSPM\\a@\\iA|@sBTa@LEZ_@f@eAZe@Lq@Vg@F[Vk@PSb@_@vA}A`Bs@d@Ib@Ab@HjBD`AMy@G"",""resource_state"":2}",,,,,everyone,,g5570995,,4131115046,1.265,2.7,57.4,1,109.8,138,,1,429.6,164.1,0,0,,17
2,"{""id"":5108599,""resource_state"":1}",Morning Run,10336.5,3296,3306,70.3,Run,,3858620650,garmin_push_5329455279,4128759167,2020-08-03T14:46:55Z,2020-08-03T07:46:55Z,(GMT-08:00) America/Vancouver,-25200,"[49.263636,-123.133078]","[49.263018,-123.132624]",,,Canada,49.263636,-123.133078,1,1,0,1,0,"{""id"":""a3858620650"",""summary_polyline"":""iztkH~qpnVQHk@Ca@Be@KaF[c@JKh@Y?QTUvAUp@Un@u@vAy@tA_@Te@MIIIo@[k@Ks@]e@WEc@U_@_@AYRq@Hy@A}@Fo@r@_APe@?u@Da@jAcATYRq@BUAi@Qs@_@e@Yk@s@QQUGiC[q@Qw@FiBCw@BcDGaAA_ABw@@eCFy@Tm@z@eAPu@D}@E}@Qw@Ym@Uo@Iw@GyASq@}@eAQm@I{@Hs@`@a@lA[\\a@N]Fy@@{@IeCF_AE}@Yg@]GmA@U_@c@Sg@B[_@i@eAa@BIGMWKs@e@OOOUe@Ow@Um@[e@Yq@Im@Uo@g@s@O{@Oi@o@{A?y@Ao@BYTo@Cw@Ye@[_BKoB[mBM}B_@uCSs@o@k@[k@?}@Dw@CiDFs@dBGBuBEmAeAM@_FBqBGyBMu@Iw@E{BKw@[g@sBBWd@Bv@T~AEp@[n@g@Ja@c@k@eBc@Oi@CsCAUGMs@CA}AA[JEd@F|BAtDDpAA~@E~AKz@Ut@Gt@@|@IxCDz@Xf@v@Df@Jv@nA?z@\\\\\\BLv@Ax@Vh@Zb@n@`BZh@TFZh@l@zARt@h@nATr@Px@Dx@AzAYtBEl@X`AFh@Bb@AzEOt@o@|AKtB@`@Ht@RlAVl@Zd@r@p@\\LrBWf@LFAdAnCTv@`AhBFt@Av@Sl@m@fA_AhAcBbDUl@^|C?nAzCzDlBzCD`@@~@Gt@Yf@i@~A}@tAo@nAo@`AGPBNZd@Lt@I\\Yf@wAvBa@BQKc@Zu@pASp@YZ[O}@lAIt@d@|Ae@`Ac@Fg@K]b@EZVVTn@_@x@yBnB]b@K?}@_AG?a@Xc@K[k@s@o@KY]c@Oc@_@[Qu@`AtCpAtGd@bClAlFL^Lx@^vAbAtE|@nDnAjGvAzFl@fD^bBl@|Az@rAbAr@d@N`@T~C?|@Fb@P~@Hb@ZnAEb@Ib@Jd@Eb@JvAG~@Q`@LHCFOFoBCgBOsBLwDMsED{@I{@ZqCF{AVmACmAAwBBsBDI`@[\\a@j@YVUVIlAGXK|@?~@Sf@Hb@W\\{EfACt@KPo@`@cC`@KhALd@k@"",""resource_state"":2}",,,,,everyone,,g6438415,,4128759167,3.136,4.2,89.4,1,162.8,191,,1,51.7,5.7,0,0,,74
2,"{""id"":5108599,""resource_state"":1}",Baden Powell Fromme to Grouse,7044.7,7114,7597,365,Hike,,3850711224,garmin_push_5321037084,4120020110,2020-08-01T22:19:39Z,2020-08-01T15:19:39Z,(GMT-08:00) America/Vancouver,-25200,"[49.357195,-123.03594]","[49.371199,-123.098755]",,,Canada,49.357195,-123.03594,1,4,0,1,0,"{""id"":""a3850711224"",""summary_polyline"":""maglHrm}mV\\D^d@ZVh@R\\^FLb@n@LlBI`BOf@Ff@Oj@@l@HBJPBZJVLJZCx@Fh@^PVL@Lt@FFD@FF`@Dj@THPDDVdARNTXJ`@@NZV`@Hd@r@PLRDr@Db@HTZPBPPTf@`@j@Td@f@r@`@zCTj@TXFNF~@EJAV@LA\\J`@^z@DXANF`@Dl@OdAQzFRv@?HSp@?j@R|BEl@JVDpAF`@?x@d@dALtAX\\z@pAh@bARv@|@lBBNChBIv@WdBFvAKF[d@IZDVPl@BTALKt@CHGjBGl@?PGHO\\Ml@@n@IpBCVUtAIr@Mv@EZy@tBAJCDBXCFEj@Y|@BTAd@OrAAj@Gf@k@`BMLOh@El@[x@Ib@Qj@Wj@eAz@GNOr@GL?PGXKR]\\Kp@BFCv@Kn@YhAEvAOPBLCPGPARMN?b@CPUj@AVUj@Kp@Wf@U|@WVAb@MdALt@FFBTk@l@?RUf@Kf@OfBU`A@n@Kr@Gt@Qt@CFBNCFB\\Kh@ApAKv@El@O^MJItBO^O~@Ux@Ct@O^@TMXIt@e@dAMx@AhAG?AZI?@X?IJJMN?VK\\BLCJEOMMMAgAAoALc@TZJDAACC@EZCb@@Fe@z@I?S_@_@S@p@d@hABXSpABn@L^VbBCl@M@MGACa@a@e@]Yg@M]Y}AECA@@p@k@jDQl@EdAQt@ITUZa@HEAc@rAU\\MZg@n@_@dAc@Nq@l@_@La@E{@[ED]?a@CKPWAEDQECDUNU^cANcAZWEOHOAEGOEEKQFW?[j@OFAABDDVa@MPSFLGBILIEQFCBERm@GQDe@@QPQMMBa@SMJQECXc@ATG?F[f@E|Ac@ZQ`@M@IN{@x@_@DCBc@?m@BM\\Df@PXHd@X^BHDz@Ql@Dd@Ib@@h@[d@ANEBCLGJE?]^Mn@g@\\gAb@Yl@WLGAMHWRi@TYPIJIZGDECSPKRe@lBEZe@z@W?CPKI?GCDIz@UXSJQXGXB^DJCVOBCHEBKJK`@@XGXKPEPSFIJGVO\\C^MHATM^AhAMr@IrBIx@Wj@Sl@KJAj@DFCPD`@AAIl@IR?VY\\MHCN@?[x@@LEbAAx@MZCPAz@@FCJIJo@j@BLEJ?FB@AGA?NTL@Mb@GHQDMGd@KTW"",""resource_state"":2}",,,,,everyone,,g5570995,,4120020110,0.99,2.1,58.7,1,127.3,177,,1,493.8,291.6,1,0,,26
2,"{""id"":5108599,""resource_state"":1}",Morning Run,23126.7,7387,7481,110.3,Run,,3849426541,garmin_push_5319741291,4118567653,2020-08-01T15:28:36Z,2020-08-01T08:28:36Z,(GMT-08:00) America/Vancouver,-25200,"[49.263665,-123.132944]","[49.262702,-123.137824]",,,Canada,49.263665,-123.132944,25,6,0,1,0,"{""id"":""a3849426541"",""summary_polyline"":""axtkHvwpnVF`Da@rAsGTcAh@IrBE|HqBJc@bD@jDY`CcD\\eCO{@|E@pBV\\HlA}C@Wh@QpA?jFMn@oBf@cEJqFU_Dy@{@oAoKcd@_Jgc@Rn@NbAObE`AjE{A~A_C?c@\\cAvBkCnCeAP]`@i@`B_BhBq@bBkBn@w@hAgDtGmDfC{InFaRcAsCVgAp@iCpEkAdBKf@IhBsAhBYnAuAbDwBvBoDbFkD|C_GG{Bl@{@jAIt@^dEEn@y@xC]f@qBBkExAyAdAi@v@Qj@?v@t@tEQ|ARlBGt@yBdE_@\\uEh@{CCiAKkCjBa@U}AyHcAs@eDm@cMeAwBAi@_@}Ew@qBBmD\\XiB@}@Mo@wCiB{@uBy@kDiAi@{B@_A]o@{AgAwAw@_DeAoCM{D}A{KY_FUo@y@sFYyEgAmIDy@vAYb@WZo@Po@QiA@{@\\cAbGkCvF}GbDaDtCm@~CwBfBUhBRZUtByHvBcEd@}A|I_G|B{Bx@qAf@cBb@oDZuGUqFp@yA`BqAxCqEdGaTb@wGOoDsA_CgCwB_@qB@S`A_AjAQzCx@hB@zBhBb@hARlKIv@wAzCGt@Jt@j@vArB~CFv@cA`HC|@PbBVlBhAjCbCnCfBlAZ`@Hz@QzAq@zAyFnEg@dBHx@~CxHHz@WdBPzELd@bBpDhBjApBh@d@QXg@VyEd@mB|@s@v@yALw@|AoBlAaDx@wDKq@yBiElAsBvAqGNMxCtD`EoGn@}Ab@kD?mB]kBqCkEIu@bCqDz@}BxA}FViCxA{Ch@i@rA?h@m@p@V}C@i@^Ff@m@nAcAfEKx@@tC}@AaAz@G`CTvAgAhD?v@|@zCRrDs@xAo@dDqA~B_Az@_@hBg@bAaBaB}@c@[o@@z@WfAqBfExC`FEr@_ApAO~@}@hBLf@Sj@aBdBgAtCcAv@Op@KjFkAnBd@jBp@tAZ^jA`@jAhBCjFp@rFH|Bj@lDIz@Pt@x@pAdAzB|@vBtChDpBpFz@GrAqAt@wAdBkB|E}IlCaBfD`@vBCrIbBjA_@|A{A`CuAtAoBzGcLv@aCjC}DvGgMdA_ApAkDjEuFf@EXb@|BfIlCvNdDjMzHl^Rp@zAlBnA`@vEEdD^|G]fHf@h@Q@y@d@MpB`@~AJhEY|@b@~BJJSxDINu@GaDPsBKuXIgB\\}G"",""resource_state"":2}",,,,,everyone,,g6438415,,4118567653,3.131,10.5,88.2,1,166.4,187,,1,51,4.4,12,0,,200
2,"{""id"":5108599,""resource_state"":1}",Morning Run,12059,3836,3848,101.7,Run,,3839531185,garmin_push_5308346893,4107426017,2020-07-30T13:32:54Z,2020-07-30T06:32:54Z,(GMT-08:00) America/Vancouver,-25200,"[49.263618,-123.132471]","[49.263008,-123.132374]",,,Canada,49.263618,-123.132471,1,3,0,1,0,"{""id"":""a3839531185"",""summary_polyline"":""e{tkHfrpnVWISCiCCmCOUGYNc@?SLIR]fBSt@gBlD]j@e@Ra@UAEDMOa@Y~@KRIVwAzB[b@[l@e@h@MJuAh@c@E_@c@Wc@YC[d@MXQHe@L_@d@Uj@Cl@c@b@Op@@j@Sf@_@\\Sp@Rz@]h@c@N_@Zg@n@kBh@mAABs@FUGG]S[WY@w@g@u@YI_@]a@c@Ee@Hc@Pc@\\]Pa@?a@Ng@Bi@Ge@Pw@f@w@j@a@H]PiAn@{A`A_@^o@xAuAxBYn@]fAYpBUlBCz@Bz@Nx@Pt@b@`@hA`@jA\\b@\\^f@Rl@Fx@IvCAz@?z@DhBQlAa@`Ba@`ECx@@nBNt@r@z@`@TfAPd@XrApAbBrAbAdA`BxA`CpA\\b@Zd@Vh@Nt@ZpALt@@v@Ht@Z`Bn@bB^ZJr@Op@Wj@Mr@KxBIx@Et@Yh@_@b@Sr@El@?|@Dz@@bADl@@z@CnBKx@CjFBn@Tl@d@TlANXp@hArETt@Zx@Vj@Pn@Rr@^hBlAtDPt@Tr@HjBAv@Ft@GhDHzFEtBAnDQ|@I|@e@nKStAK|ACvBMbDCtBQfBIrBCvBGdBYxCKv@Q`C?|@c@`F@~@Fz@KxAH|BAbBIpBNlAv@tC~@zDj@xD\\pBPr@Lv@?RCDOJWDGw@FcBGy@w@{DGy@Y}AgAuDOw@Ku@ImE@uAX_JHqAA_ABy@XiD?{B@a@LqADiA@oA\\cIJw@TkG\\cGHqBFy@NkDHw@@w@C{@HoBHoFCeB@w@Hu@B}AOoBC}@Ky@i@_Be@cBU[Uq@Qu@WiB{AgEe@aBOq@Ew@A}EC}B@yCF}@@}@H{@C{@Dw@?w@H{@MmBA}@AkCB{DA{BE}@?iDH}@FgBHgAAaGDiDCsDDsBAq@By@@sBGaBJsBXm@Fw@BwB?kCJyDF{@La@`@Ld@BbDCnBLh@AlBMvC?lADf@Iz@J@mBJsEEm@ByA^IJiD[kDMw@Fu@Py@Jy@?gDHw@Ai@B{@?}@D{@Mu@^c@d@]LUb@ONC`@SlE[f@O^E\\_@Ny@?w@Ci@HGF_@h@Cd@Fd@IRQRqANc@AwBGy@DuBJk@jAB"",""resource_state"":2}",,,,,everyone,,g6438415,,4107426017,3.144,4.3,89.7,1,174.9,195,,1,55.2,6.2,1,0,,136
2,"{""id"":5108599,""resource_state"":1}",Morning Run,10658.6,3451,3572,84.3,Run,,3834080072,garmin_push_5302072329,4101289451,2020-07-29T14:20:40Z,2020-07-29T07:20:40Z,(GMT-08:00) America/Vancouver,-25200,"[49.263518,-123.132928]","[49.263057,-123.132403]",,,Canada,49.263518,-123.132928,3,6,1,1,0,"{""id"":""a3834080072"",""summary_polyline"":""axtkHfwpnV?dAHjDCVcBL[Ek@OgAIi@?e@EkAFkAAYGOCO@SDi@Ce@F]Aa@TG@[MQKEKIUSaAK?e@LWNk@c@e@Wc@BiAj@g@Jc@Rc@\\Yf@a@b@Wv@Kx@{@`ACVSx@WFa@b@]vBg@d@Ih@Cz@GNc@r@@v@Hb@AXSPy@\\m@l@}@x@SDk@?[GGcA[Qg@Oe@K]?{@]w@SE]Qq@c@Ie@Fc@La@Xc@Je@?i@Pc@Bg@Fa@^iAp@kA^aAj@[VeAl@_@V_@f@Wx@Yj@u@bA[j@[`Aa@rCGz@I`@A|@?z@Fn@Tn@`@b@p@b@fAd@f@Lb@^Xh@Ft@@z@OfFBvBC~@]dC[fDGx@BdCLf@^`@`@VhBh@^X~@|@tC|B~@~@bBvAd@Vd@R^\\x@hATj@`@pBHz@LzCJ^j@lAPt@@\\Cj@C~AMnBEjBGz@Mp@a@^Yh@Gb@DfEQlD?hDF|EBRHPNL`@TfALRn@Nr@b@bBf@~Al@~Ah@hBLx@Pn@`A`CRn@`@jBRpBCnJEvDFfEExAc@Hc@?b@DVEI_EAo@Fy@AwBPmB@w@KgDQsDIg@Ou@mAgEcAgEcAcDw@wCMw@E}@@iBD{@C}BJwIAwB@wBIyC?iDFqBCoE?y@DaAFqFHe@?cDDg@Vk@B}ECmBGw@?kF@yBFoB?kBD{BF}A@y@GgCP{BDyABa@?y@D_@nATd@EdD\\`@ABk@QoFFu@Ng@D}@BCNCd@@^Dd@?nAJnAEd@Ed@FbADtAEZ@@k@Ac@k@mBKgAEQAQTsAVu@BwBFy@?y@Tm@CaDGw@D{@Rk@b@W`@YJQb@Sh@Ol@IP@b@GHEh@Cd@GPIH@\\Md@@d@YA{@Iy@@g@PCX]hAGb@I`@a@B{@C{@?uBEuBJSNElA@d@K\\ADCXBPUZObBFb@?TBh@CRDb@EZHpBFnAEDGF_GB}@Cy@?eCCeCFcIAcBDiG_@[e@?i@Ce@Bg@EuB@_@f@GNANI~D@~ECfABdA"",""resource_state"":2}",,,,,everyone,,g6438415,,4101289451,3.089,4.5,88.4,1,163.1,192,,1,58,6.2,2,0,,81
2,"{""id"":5108599,""resource_state"":1}",Morning Run,10415.3,3323,3333,70.2,Run,,3821216688,A7R65641.fit,4086547959,2020-07-27T13:56:41Z,2020-07-27T06:56:41Z,(GMT-08:00) America/Vancouver,-25200,"[49.26328,-123.132822]","[49.263109,-123.132494]",,,Canada,49.26328,-123.132822,1,3,0,2,0,"{""id"":""a3821216688"",""summary_polyline"":""gztkHtqpnVk@HiAEgCFQbACx@BrBEhBGj@[HeAFu@MoAAw@Jo@?c@JKCYYAi@IM]eAa@a@sAo@Wa@?k@Ru@Dw@Cu@Ls@x@gAFeBxA{A^}ACu@ISw@kAkAg@Is@@u@Ca@Yk@Uu@LmBDeBI{BIy@DqC?yBBk@BQZm@^[Zc@Lw@Fy@Cg@Ga@{@cDGiBKy@cAgAQs@Cw@Js@Za@jA[Zc@Jw@HqCB}@CwBQm@c@QiABw@q@i@Aa@]Wc@]a@g@Ea@mAa@SYk@U_AYo@_@e@i@gBs@oA_@gBi@aBKw@D}@Xk@Fw@[c@o@cDk@wECy@QsCQu@_@]_@e@Uq@CsBAw@BWI{@D}@FKdA@VMGuBB{@AYe@AOGCaABaFFyACiAk@cBAqBE}@Um@c@GkBR?fAD|@Lr@Ev@[f@e@D[SMUSw@Eo@oAKgCAc@QUo@c@Ew@D[^A|@JjFAbFC|@Mt@Ul@Gx@@x@Gv@?x@Cv@Bz@^d@pAV~@r@AbAj@N\\b@?`AHt@`@b@|@fC^ZXh@h@bB|@lBl@~ALx@Dv@B|@I~@Mt@@f@Pt@A`DFtBAv@m@fBMp@Kx@E|@@t@^lA`@dB|@jA`@Bf@GpBo@d@LLnANt@l@bBl@hAPt@@b@Ov@w@rAeDdFUn@ZtC@~@HVz@tArAtAdBtCRr@?~@G|@o@zAMt@gBlC{@bB?d@Xb@Bt@mB|Cc@V_@Y[^]j@q@~AaAr@[nAXTDj@e@h@Uj@UZm@Qi@`ABV\\^@f@[b@_@`@aAt@i@n@QD{@mAu@d@_@M[w@u@y@a@]_@w@YmAp@|CJx@Lv@Pp@h@`Bh@~CjAzERn@^`BNv@pBnJjAtE|@tE|BtJTt@Xh@zAfB`@ZnAb@p@JzDHNJv@Jb@Bh@G|@Fd@Lp@?^HEwANk@Gu@?{ELi@Xc@`DHHI?{@SmBg@o@Kc@NqBd@u@Dw@DsBFw@Lq@CyED{@Rq@`B{Ad@QlDc@p@Yx@A\\y@?{@Cw@Vu@f@InAHTCJMJwBMiEBw@DS`@[LUhAA"",""resource_state"":2}",,,,,everyone,,g6438415,,4086547959,3.134,5.1,90.3,1,158.9,182,,1,51.8,5.7,1,0,,64
2,"{""id"":5108599,""resource_state"":1}",Morning Run,21593.6,7036,7103,104.8,Run,2,3815722472,A7Q73338.fit,4079992765,2020-07-26T14:33:38Z,2020-07-26T07:33:38Z,(GMT-08:00) America/Vancouver,-25200,"[49.26363,-123.132826]","[49.262899,-123.131416]",,,Canada,49.26363,-123.132826,8,5,0,1,0,"{""id"":""a3815722472"",""summary_polyline"":""ixtkHpvpnVFzAApLQrBJ~DSlKmAb@mC@mA]_A?uCf@iHUiBL_HUuAHcAj@c@tHTx@B|@Wz@DrB[nEmED_DqAyAoBaA_CQq@[sDkBgIsAiHoDkOiD}PiAaEF^Ex@Jt@G`Dv@lEC\\}A~Ac@Je@Kc@V_@b@m@xAgF`G}B`CiApB{Ah@_@^kFxIwIlFsCtBg@NgFc@oA?eCw@uBA}CXmBhAuAdBk@|A{@tAOr@D~@K^y@vAq@zBq@tA}AzBgB~AuA~BkCnDa@`@_A^yDc@mBJiAj@}@lAG|@j@~BA~@m@|Cm@hAg@JgBDoFnC_AnAWn@C|AdAjJOzA_@fA}AzAe@NaDJq@^cBG_@TkASa@J_BhBe@?]]MkAk@iA_@wBk@kAqD}AkGOkA_@uBEmBRa@UeGu@gA@_Bj@iA@Yg@\\qCSq@_BcBgAi@Yg@s@gBm@sCq@k@sD[w@mA_A}@w@wA_@kBsAgD_@oF@}AeAqFSiEi@cBk@gGKsBu@wEKsD?a@Za@nAU|@uAPkCt@{AhDeAdAs@xCcEZm@bFyEjBY`D{BnBa@hC@RUTu@PqBzBmFhAmDjCiCfBg@jDsC`Ag@|@oAh@cCj@eFJiCM_FB}@Pw@Vi@bEqEz@yA`AkCzCgLj@wDVaISuBoA_BwAiA[e@g@_BL_@bAq@lAYb@EhAd@xCb@tBnA\\\\Tj@D|@IrENvBAt@Sp@aAbBKvAHv@`@pAvBzCJt@q@jECrDNzC\\`BlA`CbBbBfBbAd@|@@|AU~@]b@qA~@kDrBa@x@CzBFx@fAxCtAnCA|@WjB\\hFjAhC|@z@nAx@xAb@lAfD~CfD^zAQt@Bv@PbDr@|GL`FI~B}@nDmFdJ}@zB`@jB|BvFvAvB?fDdBzBbAJfAM~B}BtD_FtB}Bz@oAZ_APeABuAhAgCrEgI|@}Bb@YbBm@zCE|EZdHjApBk@jEiCAy@vGeMb@Wx@eAl@aC~AyCf@gBlBoBnJmPxAoBf@Ur@FfA|BXnBxDhObHp\\`ApDlBvJbAfCr@~@t@NHEByAfAXtEFrGh@dGC\\YPqDOmEPwBNgHAi@[k@VwDFoIFw@Xi@dCyAfEu@f@L|@O^cFvBDZWJs@D}ET{B`BH^O?QpCS`Jb@fASHoBEy@ReJI_JFy@IgFFcEqH?[b@ElBQr@Cv@?`K"",""resource_state"":2}",,,,,everyone,,g6438415,,4079992765,3.069,4.6,88.5,1,147.8,173,,1,58,5.5,3,0,,56
2,"{""id"":5108599,""resource_state"":1}",Afternoon Hike,6450.9,5532,5876,288.8,Hike,,3813025746,A7PE5844.fit,4076892441,2020-07-25T22:00:27Z,2020-07-25T15:00:27Z,(GMT-08:00) America/Vancouver,-25200,"[49.345528,-123.055047]","[49.345514,-123.05691]",,,Canada,49.345528,-123.055047,0,4,0,1,0,"{""id"":""a3813025746"",""summary_polyline"":""oxdlH`eanVIw@BOGw@[i@Oy@Qc@C?NCEA^KD@CN_@Bg@LOl@Hn@QVAPMZGh@@ZRdAKV?JKj@?TOXKp@IHY]AKB@GWKOKc@MmACw@Mg@@ZCDGKMu@Uw@E{@KWI[MQQZ?TGZOK_@i@UUE@EFKZ?j@B\\CXY|@?LWj@o@h@cAl@CJDt@Lp@AJS`@@hAAt@B`@Gv@M\\Fl@AXBL?LCR@THdACv@SjA?v@SX?B@LR\\BPDv@?l@Gl@EJD`@C`@@`AJnACVg@J?DOSSk@MKFp@It@CDSa@]_@Yi@AD?PF`@DBBTEf@@p@ABMDIl@O^Kf@MP?ZMBAD\\TEJA`@Id@?|@EN?TEtAJt@Aj@Fh@AlAJxBCJBd@_@xAI~BOn@m@jA_@\\a@X]^KRIt@]^a@PSN[d@Qn@Al@Qr@Sf@EXSf@c@h@Wf@g@dCWj@[f@OPa@X[d@w@bBSp@LlBMTYLa@ZW\\Kb@OZKN_@ZMRg@pAKT[b@Sn@G`@[dAa@\\]d@UA[Xc@DUCCHQEQBABEQ@YJwADIC[Di@^eADe@X_AHw@Rq@V[EYL_@DWTm@Ee@AGGICO`@s@Po@BYGq@H_@HeAVuA?KDIAGIE@E@MLY?]BODm@^eB?u@Lo@Ao@HQ?GDQHIRg@HQ@KDENi@?c@KYA]JUFi@DMb@o@Jo@CS@EXa@AGLc@BQAOPo@BMb@eAJ[BWNk@Dc@Ng@H_AG}A@m@FYFEN]PMZo@BQ?WLIBE@MFIh@]VSL_AV{@BgAP[J_@\\[PYFe@HQ@m@FUCW@QNo@ACTc@MYFGATC@G]BQAa@JYAGEBAF@FEJIS|@oBNS@ONULa@TqBFMJqAASDQJoAFACc@EQV]@w@BMJG@WJQBYHWDeBEQGKCg@GUNs@Dk@Ay@BaARg@T{@PYF]G@GMf@JRHHH@NCNDT?XFFNOBMRM@LHw@JSDBDFFr@^|@Dv@Ev@Jv@LTDNBX?RXj@\\NHMNKX[JY?Kd@uA@]l@cC?m@OQEOEq@FKr@a@XJRNDGJcAISJ_B^a@T?LDZb@z@nBd@^Zd@Vf@Tp@Vh@\\^Nb@TbBLr@@vAB`@AzAEx@BhCFt@@GED"",""resource_state"":2}",,,,,everyone,,g5570995,,4076892441,1.166,2.3,57.6,1,126.2,179,,1,493.9,268.7,0,0,,22
2,"{""id"":5108599,""resource_state"":1}",Morning Run,12105.8,3745,3785,100.2,Run,,3812392338,A7P73416.fit,4076148115,2020-07-25T14:34:16Z,2020-07-25T07:34:16Z,(GMT-08:00) America/Vancouver,-25200,"[49.263734,-123.132746]","[49.263001,-123.13228]",,,Canada,49.263734,-123.132746,13,1,0,1,0,"{""id"":""a3812392338"",""summary_polyline"":""sztkHfqpnVQHw@LK?aAKe@?a@?[FIFUhAChD@pBI\\c@Lc@DiA?e@Jg@Ce@J]\\i@Oa@[Mc@E_@aAnAYl@_@f@_AjA{@nAa@`@i@Je@Tc@D]]c@Yc@I]f@_@Z_@H_@^Sr@Cx@_@^Mr@Cp@w@dAAv@D`@_@b@a@T_Az@cAh@K@e@?kAGe@Sg@I_@XECa@g@i@sBYk@a@Se@?c@Fg@Nc@Tg@De@Jc@P[Kc@HyAx@_@Zg@Pi@^eAd@oAr@a@\\Yd@c@dAy@jA[h@Wl@Sx@It@Gx@Oz@G|@Cz@@|@Nv@\\l@`@^p@XrAr@f@PZd@Rd@BpA?x@KlB@rEGz@i@bCWhDCx@?x@B~@Rp@^^b@XXJVDV?b@Tr@n@|@dA`Az@fAr@dAz@^^dAv@fA`@|@dAXd@XlALz@PhBFnCTj@p@vA^\\Bx@Up@Yj@Ij@KvESr@_@\\[b@Kz@DpB?fEE|B?zEDpBPd@`@Z\\Hb@BTR`BzFdAhDlAtERl@bArCL`@Jt@DjA@bDGnG?dK[hCGz@MtDMvBSzBEv@CrBUtDOjFUhDMvCQtAEx@Gz@EpFOpDWvI?tEJx@h@nC`BtFXrBPp@Fl@@v@QtB_@fDW~AAh@@|@@BFB`@g@z@oBHeA@{@_@_DSuAc@kBm@iD_@eBa@iCc@wAOs@Ew@@_CBy@?{AD{@C}DBkADWDkAVaDB{AZcEXgHRgDVgIJ{@HmBH}@FqBTkEPwFBaCAy@F_D?w@Dk@@mHOoB[uAk@eB{@uCOs@e@eBoByGKs@Iu@AsBFuH?kHBmA?mCIqBBkBA}@D}BH}KFu@BuBD}@AmHHwHTk@Dc@?}KHgIAy@G{@A}@b@qDBEHCd@Jh@B|CGfADVCFu@d@Kf@@h@Gf@LR?`AJx@GpADbAEXBb@ADy@MsDK}@Au@?w@Fy@?WGqAIw@KqDX_ALSJC@gCJuANiAEeAAiE@c@`@Yd@S^_@RM|@]xASf@Bd@Gh@Uf@CVEJETm@@}@Ak@FYCoDBsBAw@?y@Fo@FC~AEd@FXALa@f@OTFTE"",""resource_state"":2}",,,,,everyone,,g6438415,,4076148115,3.233,5.6,90.4,1,157.4,181,,1,52.6,6.1,5,0,,72
2,"{""id"":5108599,""resource_state"":1}",Morning Run,10339,3261,3305,70,Run,,3808163425,A7O65649.fit,4071247225,2020-07-24T13:56:49Z,2020-07-24T06:56:49Z,(GMT-08:00) America/Vancouver,-25200,"[49.263576,-123.132824]","[49.263142,-123.132592]",,,Canada,49.263576,-123.132824,2,4,0,1,0,"{""id"":""a3808163425"",""summary_polyline"":""oztkHnqpnVWDgC@u@FeAQyACWh@Ez@Ot@i@^W[]XqCdFg@BSa@DKCWm@iAOq@}@WWOOu@Rs@Hi@AoAB[Na@^_@Xe@FaB`@_@n@e@\\k@Ji@@{@Sk@y@aA_@Y_@MGICw@FsAs@yA@m@H}@@_A?sBKwBBsDF{BTu@\\[Zm@Tu@Fs@E}@Qu@q@{AMq@OwB]m@y@gAIy@B{@Vk@hA[`@UXk@Nq@Bm@OeGUm@a@UkAIa@]WMg@DKGUo@]i@m@KUi@Og@e@S[c@g@gBm@}@_@}Au@sAM{@Qs@i@sAE{@@}@Vo@BWOo@Um@[kBG}AWuBMoBQy@YuBa@g@a@[Wi@?y@FqCAcBBc@t@@b@EGqDIa@e@I@kCDwCF{@A}@Cw@Ws@MmDMu@[c@k@AmATKH@~@LjBAt@_@d@g@Ra@_@Uu@Gu@c@IoBImA@w@cAkA@a@TGv@?xBEtEBz@EvDUj@Sr@@x@ItDBz@R^rBd@j@p@B|@JPb@DPP@v@Fx@l@t@j@lAJf@RN\\p@L|@j@~At@vA`@lANr@HjBA~@[nBBv@Rp@Bx@DtFa@fBKr@ExEDp@Nr@Xl@x@z@f@BzBe@b@?PbAf@`Bp@fAl@jAHVDd@Kx@Yn@oAnBm@nAmAbBWj@@PPv@H|@?|@Rt@t@v@vApBt@tAv@r@Dv@?z@Et@q@vASl@y@fAw@rAk@|ACTZj@Fz@qBdDa@NUS_AjASf@Mz@KFWDw@lAQb@Vj@Z`@eAfAe@Rg@C[j@IZVh@Ct@Wh@e@L_@Z[^[l@MJ[a@_@Ya@Va@BaAmBQq@]}@aAk@S]\\dBd@hB\\nBvAfGJt@jAlEHt@Pp@p@hDr@dDj@lBbD~NnAhFp@hBP^^`@bAr@b@Rb@Zd@N`E@fCh@hA@h@LjA?tCIf@ADK`@@Fu@OkDG{@Ay@DeB`@aDE{@Ou@CqBPwBG}@?y@@w@Ps@HuGRm@`@WXe@bAk@nBCd@Sf@KlBEJGRa@Ls@Aw@Lm@NU^SrALb@AAy@KkBDm@^GfBJNID{@"",""resource_state"":2}",,,,,everyone,,g6438415,,4071247225,3.17,4.1,90.4,1,161,178,,1,51.7,5.7,0,0,,71
2,"{""id"":5108599,""resource_state"":1}",Morning Run,12009.3,3928,3959,100.5,Run,,3808163434,A7N65048.fit,4071247214,2020-07-23T13:50:48Z,2020-07-23T06:50:48Z,(GMT-08:00) America/Vancouver,-25200,"[49.263592,-123.133173]","[49.263077,-123.132363]",,,Canada,49.263592,-123.133173,1,3,0,1,0,"{""id"":""a3808163434"",""summary_polyline"":""_{tkHxqpnV_C@kAFQj@Wj@ERAdADp@EbA@pAELMF{AVK?gAUoAEa@Bc@Ii@NG?k@[C]OMg@dAm@|Am@rAy@jA]^gAd@a@T_@Z]DQe@a@]c@NMNiA\\]f@Gv@[d@Wf@@t@Un@a@`@Id@Z~@CHc@\\e@N[T{AzA{@b@e@Na@OYm@e@Fe@Pe@?a@e@Oq@K_AQ{@_@]Y?e@H_Ab@YHe@EiA\\c@Qg@JeBhAa@NyBrAqAn@YRYf@k@bB{@fA[h@Wn@[fBYrBG|@Ez@BdBRl@^f@jA^nB|@X`@Xn@Hx@@z@Ev@?fDBnBCx@]dBIl@Qv@[hCBjBBn@Rn@`Ap@d@Pd@Bd@\\xAvAdBvA`CxBZ`@d@ZxAr@x@v@X`@N|@ZxAJj@Fv@EtBKr@Qx@QrAG|@Cx@?tBBx@^lDAr@e@hBg@nDBbACrB@tBD|@Ft@@t@TxAt@T`@TlALXf@Nn@pA~D`@hBd@dANp@Jz@H\\d@nA^p@L\\`@fBZhC@x@K|G@lFCdFMtBAx@QpDi@~HEvBq@fMK|Cc@nGKfDMhCAf@KpBGxB?|BC|@CdIFv@b@bBLt@Vr@d@jBLt@Hz@p@bDDx@_@jDIX]\\Iv@DxACx@Lr@D?Xk@Vk@r@wAFu@?g@I{@{@aFw@_Fo@}Cw@oCa@sBCoA@uBDu@DkHHsBFu@B}@D{@PwBBkBVuCVqDHoDHyBFs@@{@NyBFaBRoDJwCj@qJDkEA_ABqBA}BFqBEsB?}@EuBM{@}@kDYm@}@sCM{@u@mCi@gBm@_BIu@G{@Lk@NWDg@BwBCwA@y@Hy@@}@D{@C}BGg@?o@Dw@GsBBkGPwF?y@FsBAy@FgF?gFA{@@_A?qBDyB@eDC}@JyD?sBAsBIiB?{@JkCE}@DwBL{@D{@HAdAJnGGFw@d@CdBLJAlALd@Nd@]hA?jAFd@IVq@FoBMqDIw@LkBAuBSo@Ay@JsBVa@CO?gDE_ALm@?oFF_A\\g@b@UZa@`@Sf@Mh@Ed@DbB]n@Sx@GDIZ[DmAEq@@Ed@?fALb@S\\k@Fu@OqF@y@F}@FInAA"",""resource_state"":2}",,,,,everyone,,g6438415,,4071247214,3.057,5.6,89.7,1,160.8,182,,1,51.9,5.5,1,0,,83
2,"{""id"":5108599,""resource_state"":1}",Morning Run,10198.7,3171,3194,66.1,Run,,3795775703,garmin_push_5270713702,4057283173,2020-07-21T14:03:23Z,2020-07-21T07:03:23Z,(GMT-08:00) America/Vancouver,-25200,"[49.263527,-123.133141]","[49.263414,-123.134193]",,,Canada,49.263527,-123.133141,0,6,1,1,0,"{""id"":""a3795775703"",""summary_polyline"":""cztkHjrpnVkCHi@?mAOc@?g@G_@DSAa@^eAlCiBpD]h@]VG@a@S?]eA{BGIa@Um@a@Bw@Ro@H{@Aw@Po@b@a@L{@?_AJs@~@y@`@wBI{@Um@s@_Ao@eAWk@Ku@m@iBHoB@_A?wBIw@A_AFqD?{@Jy@Vi@^[Xg@Nm@F{@C}@Sw@o@}AMy@GmBUi@_AgAMw@?y@Vs@b@YjAUXo@Hw@I}D@sBSq@OMYKoA?_@[g@Ag@IMa@Yo@g@I[_@Io@c@YYYe@cBWk@]k@g@}A{@uAGo@Us@Wm@Mw@Aw@By@^eAOu@Wm@]sAMmBQy@Ks@KuBYoBGo@CMQUm@i@Wm@?o@PwDPiBpA@HeD?k@e@Eg@?AECwBX{G?w@Wo@_@YEoDKy@]KwB@Iz@Bv@Jh@Bv@Ul@[d@UFYYYi@Iu@K_@gBSuBA]WSc@a@Gg@@e@HKv@BpBAfFBx@Ex@?lBGb@Qd@Sx@EfFB|@Xl@lAPfAr@Lp@Fl@b@TXd@NtAXf@Vl@V~@Zj@^b@Nr@Vt@zApDd@fBHrAAx@YlBAv@Lr@FxD?rBMn@Up@Ot@Ix@?tBRrBPt@\\b@`@^P\\f@DhBEd@L^\\Vp@nAxBXp@Lh@@~@Sn@qB|CaBdDOr@PrBBt@Lt@xBnCXf@Z`@Td@x@fAD|@@v@Kt@g@lAOp@uArB_@f@u@vAAJj@jAMr@_@Z]f@Yl@_@d@g@CsAfBUn@UVKAu@nAUj@BLVf@Nr@]d@a@`@c@C[Q_@h@Gh@Zh@Gt@Yf@aAn@_@d@Uj@]HUk@W_@GCe@Ta@@Ug@o@o@Sq@UOuAkB@QLv@f@bBNr@Hr@d@~BxAhG~@fDVdBxDjQhAnEpBzJRr@f@nAZl@~@jAfBfAd@Ld@Ab@Kh@@|AHVNlAPbAKh@Ff@AzAXb@KlBLXCBQEaBDqBGgBDw@?y@\\e@F]FcB@{@C_AC{@KaAL{AHeDHu@F{DAi@Gs@Ho@`@_@b@Y^[hAc@xBAxAg@x@APWRqB@s@FCfALf@Wd@]`@Mf@D`B\\b@YNo@Bw@De@A}@"",""resource_state"":2}",,,,,everyone,,g6438415,,4057283173,3.216,4.1,89.9,1,149.6,180,,1,50.7,5.7,0,0,,35
2,"{""id"":5108599,""resource_state"":1}",Morning Run,10709.6,3381,3386,74.9,Run,0,3790541553,E0CB47FC-1AFA-446A-BC0F-19A03BBFF715-activity.fit,4051479439,2020-07-20T13:38:39Z,2020-07-20T06:38:39Z,(GMT-08:00) America/Vancouver,-25200,"[49.263481,-123.132833]","[49.263091,-123.132801]",,,Canada,49.263481,-123.132833,2,3,0,1,0,"{""id"":""a3790541553"",""summary_polyline"":""qztkHtppnV_AMcA\\g@SwADYOaBPWMMP]ASfAEt@k@~Ay@jAq@zAq@Ti@OHo@w@_B]GO]e@Ki@m@?Y`@mABkBXc@j@_@H]D}@|AuBRq@Bo@[iAk@kAOGCSOFYU_@}D]e@TcBGcDOc@@uAF{BC_Dr@qBLA\\i@Ry@DoAWuAWo@OMGk@Se@?cA[aA}@_BSwANs@hAw@VA\\g@VEHgAIw@Ve@Us@FuAKq@]sAwAWc@]KJwAk@m@aBk@CQs@_Ao@SaAe@sASQeAaCw@u@Ck@[q@QiAMYEaB^aB?YSi@UI@a@]{BA{@[u@Uq@D_@A}@_@oDEMUHs@o@OWIg@KDM_@@g@XqAAOLOAsBr@u@l@KBYQ}@@[PWo@}@O}@GsABgAOi@AsCPmA]kAGuAFYWmBc@a@{@GCUGh@QNCGDDA|@URCX]f@CZa@h@E_@k@u@gAa@iCIOHMGEUQQs@Qq@FSRGt@Dx@IbDDjDITEvCa@zAF|@QbAB`AGf@Dt@X|@bBf@h@f@P\\BXCj@h@RR?V`Cj@~@x@pCf@`@ZhA\\h@F`@fApC^tA@vBWhBf@hDI`AFpACt@_@v@[lAIj@BjEL^@`@nAjD~Ad@p@?fA\\d@~@PJPl@THDZ`AjB?jAqA`BYr@YR[|@y@bAU`AR|AGZJl@Cx@f@`Bz@fAN`@pC|DDZ@l@Cx@k@dA[vA_@XiBrCKz@V|@@Zs@xB]^Qf@]L]EIl@SD[b@U~@i@@UL_@l@u@LZ~AIbAm@lA_@?OQMNGPB~@Lf@G`@Yf@s@JEh@g@l@g@XOo@JADLILs@D[OyAmBm@BI]SIm@qAi@SMSAk@EFLf@@Z`A|B`AvFvDpOdBxIP^@ZNZAb@LT^~BLTPzBZlARZ^rAhArFVt@v@tA`ApAVDFP^N\\\\`AX~AQj@RVGhB^nDI\\HTI`BT`BSj@HFYEc@FgAIu@Ng@@_BOyAMo@NQB[Es@Vq@Fo@CmBUoAGcBJ{@BcBTs@@uBIs@QMRo@V}AnAaB|@[PU\\Dd@St@\\JW^ST@XTb@a@p@DNi@Ag@F}AJm@HMzAL|@G~C\\f@O?WM]G_ADY]aD"",""resource_state"":2}",,,,,everyone,,g6438415,,4051479439,3.168,6.8,,,,,,,51.6,3.7,0,0,,
2,"{""id"":5108599,""resource_state"":1}",Lunch Hike,6913.8,5220,5310,19.1,Hike,,3782350767,garmin_push_5257130789,4042317808,2020-07-18T19:28:08Z,2020-07-18T12:28:08Z,(GMT-08:00) America/Vancouver,-25200,"[49.78582,-123.080194]","[49.783045,-123.118885]",,,Canada,49.78582,-123.080194,0,1,0,3,0,"{""id"":""a3782350767"",""summary_polyline"":""kxznHfbfnV?f@GFAJ]`@MJMVtAeBFe@Tu@Do@b@yANaAJ]V]HAHBZZTh@F^@x@GrB@v@JpA@d@MfAQb@w@xASVmApC_@\\_@Vo@hA]`@qAjA[h@Sv@q@rAo@bAaBxAOXsAtA[`@Qd@Ev@@t@PPRAlAe@^Kd@?DDd@P~@v@HRRlBD`CQbASn@sA~Ds@dAQ\\{@`Ao@rAw@p@EPi@j@Yf@Wl@s@Te@X{AAOGo@f@Ub@Uz@Kv@Az@BLCz@Dx@f@|B@`AAx@WpCKt@Cx@@v@Pr@JXp@z@Nb@Xh@L\\`@PBN^Vj@Hn@?t@[`@Mf@W\\c@d@uA`@s@d@c@~@i@`@Sv@i@Zc@t@mAVk@@OdAoAt@}AHYl@{Al@s@`@[vAc@`@O^B`@R\\Z`@TZd@f@nAf@`Bn@fCNr@`@nAz@zDZ~@XlARn@h@jCRp@d@bAHRJx@bAfCE`@DrBEpBJtBVhB@Vh@zAf@\\b@Pb@FhAHRCXDXNBAFB^\\Lp@LfBN\\F~@APMt@DPFnBDd@?x@BPAlAUj@a@Xa@PM`@TAn@Dp@@HG\\MdBa@j@Bl@Cp@Nd@TdAN@AHPrAb@d@H\\IT?PKX^EVWp@Qp@If@DjAFJFRKv@Yz@Mj@Ed@Mv@Bd@Jj@AVYp@@j@SjAM~CHTDfAGPu@lAKj@D@^?F@BLG\\Op@_@|@J^CNJRE^D|@Nf@XXf@NXD\\b@Vt@Lj@WXMb@E`AQp@F|BJb@GbBKv@@h@EHi@Ma@UYc@_@[O][W]K_@AOCe@Ma@SGDMA_@Qk@HGAe@AQDMHc@CMDc@GQ?[Oe@G[c@EIe@KGGIAGMICODc@ROV[R_@bBKXAJUn@LnBGx@H~@GDa@Ie@u@Yk@Sq@MBaAj@e@FUGOc@[aCFoAk@g@Ic@QQ"",""resource_state"":2}",,,,,everyone,,g5570995,,4042317808,1.324,3.2,58.7,1,124.1,160,,1,601.5,192.4,0,0,,17
2,"{""id"":5108599,""resource_state"":1}",Morning Hike,8413.3,6790,7412,414.3,Hike,,3782004328,garmin_push_5256808861,4041912344,2020-07-18T17:04:27Z,2020-07-18T10:04:27Z,(GMT-08:00) America/Vancouver,-25200,"[49.783569,-123.118377]","[49.78583,-123.080156]",,,Canada,49.783569,-123.118377,0,7,0,3,0,"{""id"":""a3782004328"",""summary_polyline"":""gjznHzpmnV@Nb@b@Pn@FnBk@zCAt@H|AQfBo@?uCx@m@He@EoCTcA`@e@Bc@N_@Zc@TgBn@KJo@@_Aj@_@JOPGPA`@Yb@_C`@c@Aa@T]^]NGJG^c@t@Gb@WV]BQNi@XWCSKiA{AS}@Aq@@s@[gBJ}@v@kAKFa@Mk@g@MC_@YC]K[E{@Bq@Cc@?wAS_@GWiB@MKNHANH?Q[HAID?Cr@C^g@?e@GEGQQO[c@AI?SXCJG?EPa@Bq@DGPGROBI?a@BOj@aAAMBOEi@TeBZsAEqBTq@^Ad@KJS@MC_@Dc@?_APw@Es@Ou@Au@N_Aj@aBj@eAd@O\\Uh@u@~@sBZg@Ti@jAqB@Op@cCREd@Rn@BVi@f@a@z@c@LAl@u@JELDb@Ql@w@p@_@t@u@b@SZ[d@I^]VeAx@e@Z]jBcAf@i@RGxAO`@D`AOb@Sf@Fh@Tb@XVn@RV`C|At@r@GDJPb@?b@L`@Cf@Xf@Lh@@TJCCN[TCf@SNWNo@Jw@?WHi@KiCOq@Cm@FsCKu@{@{A}BOe@I]QWAa@Yi@w@Kg@Cg@KMESGw@CgBKm@AuA@s@\\SC??BFIABD?GEIPGDEEK{@@q@SqAWm@KUAOa@g@Yg@u@oBIGe@sDYiBi@_BaB_HiA}DYk@WYwBeBG_@SMTNK@DCACBEA@BAOh@KHeAb@{@Tg@h@e@z@Kb@q@dBYf@{@z@c@z@a@dAYf@e@NSX]TQVaAZe@`@]b@IPOTc@hA]`@e@`@_Bf@]@s@SgAcAg@m@m@uASo@UyAEcAJo@DcARsANk@AkAm@uCQ}A?s@NqALa@t@m@zAaBr@J`AOlAiAb@eAdAw@Ru@RQj@mAbAiAp@wADUPKE?AILOTm@Fu@R{@Ag@QcBQu@k@cB]Wq@[c@@KES@a@Zc@L]a@Wm@@URq@Vi@^i@f@Ud@q@Te@^YjAk@PSFMT_A^w@bAoABKt@aA\\m@RQZe@Pe@R[z@_AvAaCv@uBJ_@?GB@C{AKmBFmBCk@Q_AWm@I?_@Z[pAi@dBQz@Gl@DDEAH?@EADDBCCWREAHKGGIUG@?D"",""resource_state"":2}",,,,,everyone,,g5570995,,4041912344,1.239,2.1,57.7,1,115.6,147,,1,600.6,213.4,0,1,,19
2,"{""id"":5108599,""resource_state"":1}",Afternoon Ride,13189.3,4110,4805,253.8,Ride,,3777747915,garmin_push_5252454747,4037094423,2020-07-17T23:00:46Z,2020-07-17T16:00:46Z,(GMT-08:00) America/Vancouver,-25200,"[49.782728,-123.120092]","[49.783056,-123.118626]",,,Canada,49.782728,-123.120092,0,6,0,2,0,"{""id"":""a3777747915"",""summary_polyline"":""_eznHr{mnVJJBFCRL@BVDRUp@WFe@H_CpA]_@uAkBmAwBw@sCoAqBoAu@o@KwAu@sAc@UEmBu@IMqFOqAM{Ag@TsBNMbB`@pAYjBGt@?hBk@pAQnBClBWbAWv@EzAXlBSjBIlB^dBz@z@Zn@EzA]r@BfBp@hBj@lBb@lB?hBgAf@w@b@{CBeDuAcE}AeB_BsAmEuBuCgBq@aAg@uCb@eD|B}EzA_A`AOdB_At@kCM{@E{@Cs@Dw@GeDw@iCiBa@mAAcBw@m@eA_@{BJ}DE{@?[Fs@DMnBg@BDBNVf@LRJBDEH{@LYJEJBDNHn@FVRXB?HEHk@HW`@UDH?n@FND@x@HXg@NMF?d@z@b@A`@D|Bm@jBQr@AHHf@Pn@Of@?ZMHIvALjAMlA`@Lq@dABDHD@DMfAf@ROf@NPPH@BAR[G?Zo@J?JDTGNBb@PRv@F?Zc@ZPBGIcA{BGqAAmBIaABcCA_DDeAIiACoBAmBLyDImI@]Ea@@oAAyATGSA@B?BPENG@uA_@{@Ea@B}A?gACWCoBGoBZm@@{@MoAC{D?g@D]Ao@@iFLQAu@MWBKL?FDF@p@n@p@ZAn@KJGN?PMf@^bB[ZSt@v@N@LJf@W|APLILe@d@ET`@TEVWTLLVJ@^KdBFJ?\\WPANSp@PPSLHJ@b@^bABl@]VUNSH@FRLLFCFo@DMJ@\\f@HDT^J?NKP?Va@P@FV@VG~BEd@BrBPvBDVHTVb@RRn@^t@HnBJdAl@b@bATdDF`DJhDy@|Bi@HiA\\mBy@iBi@yBiBcBmAg@MsBUoBFmBz@{@l@gC|ACt@d@xBV`@Fd@BABMAOU[Sg@U[LgCJSjBoBr@c@fASjBKlBNlAt@zAvAjBbAlBl@VTAl@Qj@qA|Bs@pCKfD^`BZh@tDjClBbAvCjBr@r@rAzBZhATfD@`BEnAc@dBaB`Au@GcA?oBOgBu@u@WoBFqBGeBy@kBc@YAgC@sBYg@Ak@DkBt@gANsBGgATiBl@sBFmDXoBF}@dA@\\DZv@FhBXtBIn@FpBX\\JfB|@p@h@~DnAxA`BnAbCp@tBpBnEl@JK}AMeAA_@p@yGUqC`@BTXNf@"",""resource_state"":2}",,,,,everyone,,,,4037094423,3.209,7.4,,1,143.3,169,,1,392.2,205.8,0,0,,43
2,"{""id"":5108599,""resource_state"":1}",Morning Walk,3507.7,3071,3243,43,Walk,,3776771077,garmin_push_5251541658,4035964733,2020-07-17T17:36:58Z,2020-07-17T10:36:58Z,(GMT-08:00) America/Vancouver,-25200,"[49.784431,-123.1218]","[49.782944,-123.118403]",,,Canada,49.784431,-123.1218,0,0,0,1,0,"{""id"":""a3776771077"",""summary_polyline"":""uoznHffnnVe@G]Bc@Ea@Pe@Fc@E]Bc@Hi@@wCvAcA^YCSPQBOPMFK?[DOPKD]b@Q\\Kd@]ZaALW?q@VEPq@|@WPAFkB`AIRc@J]^e@@e@G]_@GQ[a@Sg@Iu@@g@a@mAKu@Ha@h@s@N[Rm@AIJ[`@?h@ELEJUXShAq@f@C^V@C\\LP_@FENBDAf@a@J_@AE^]jA[d@Bb@KnA{@`@Db@HPN?JL@\\Rt@?b@L`@PZXJZDv@PX`@EXKhA?hAI^KbA@|@If@KDEd@HTOR]JE\\a@hBo@^Yt@WbAo@b@O\\GN`@\\b@Tn@Ln@fAb@PAVH^V\\d@Xj@V`@Th@Np@E|@?x@Df@Rv@Hr@?TMv@Vf@F@RC\\Q`@@PLSEc@Jq@Va@UAIIEa@ICMEEE@?BCARPIA?W@]G^MLMDELe@QODSJ]f@KDw@DSKc@{@UkAIu@Ok@Q}@Qm@Em@[e@Wm@[e@E[GOMs@As@@y@SkBFu@Cy@^iEAWY]O?a@UGG"",""resource_state"":2}",,,,,everyone,,g5570995,,4035964733,1.142,2.3,55.9,1,100.5,143,,1,237.7,193.6,0,0,,6
2,"{""id"":5108599,""resource_state"":1}",Morning Run,5324.3,1708,1822,51.7,Run,,3766409824,garmin_push_5241102371,4024435629,2020-07-15T14:37:44Z,2020-07-15T07:37:44Z,(GMT-08:00) America/Vancouver,-25200,"[49.263762,-123.132677]","[49.263062,-123.132544]",,,Canada,49.263762,-123.132677,0,2,0,1,0,"{""id"":""a3766409824"",""summary_polyline"":""sztkHnrpnVq@@e@EMBKNCX?~ABpBIzBc@Vc@@i@HoA\\cAAWQGQM?u@McAG]De@Cc@JSKY]Dk@WAi@dBeEpFc@Pe@Jk@XYd@QJm@{@KUSC_@f@e@La@XWj@MxA_@\\MnBSXc@ZBt@Nf@AFOVgAj@_AbA_@Rc@LmAHg@?e@Gc@Tg@Ge@a@Uw@G}@O}@a@a@a@CWBi@Jy@j@g@Ae@Ne@DWAe@LOJc@LiAp@g@J_CpAeAr@a@b@o@zA[j@{@jAUn@I^[pB[rD?|@Hz@Rr@NT`@VpB~@l@Vb@`@JNPLZ{@LMRIh@Ab@Ef@u@Z[Le@NcAZqAXo@VYbAs@HCD@Zf@BjABXFV@l@Cj@Mr@]rAGt@?ZDXb@DlBIlAFdBPf@@lAYd@@VEDa@BsALQv@B@BAqAFGJ@`@Rt@Dh@Ih@Md@ChAH@CFsA@oFHw@b@[zA?n@AjAFh@?p@If@DtB?B\\PUDQFaA@y@CY@m@JyAMoAF_@DaGP}@?gBFmDRm@^Q`@]hAu@|@Ej@Ix@Gf@KdAGDGLKNs@VoBBCP}@vBJnANNHl@HTHLEFy@A_BH{B"",""resource_state"":2}",,,,,everyone,,g6438415,,4024435629,3.117,5.5,89.8,1,157.3,179,,1,51.7,6.2,0,0,,28
2,"{""id"":5108599,""resource_state"":1}",Evening Walk,6296,4921,4971,217.9,Walk,,3764157866,garmin_push_5238672400,4021980272,2020-07-15T01:51:08Z,2020-07-14T18:51:08Z,(GMT-08:00) America/Vancouver,-25200,"[49.358463,-123.035188]","[49.358256,-123.035083]",,,Canada,49.358463,-123.035188,0,0,0,1,0,"{""id"":""a3764157866"",""summary_polyline"":""kiglH|h}mVCCUEo@@KN?HLVVHZEJIFBJR^@d@Id@L^X^R^XdAT^\\`@ZNV`@\\`@XF?DSCODa@LULwADi@Aw@@u@JqBDUN]Le@?UGq@L{@?SQyAWm@q@iA[c@_@[Uw@Ie@Ty@Da@Pc@Eg@Dy@Nu@HKDWG_@K[M}@USY_@_@MqADa@UMOKAc@FOOB_@ECEOCCMLGAGK{@}@AEc@EsAHiAY}AAkALe@Ba@NY@a@Xa@Lc@IU@_AINg@Ns@~@{Bt@{@Tk@\\k@bAu@VYf@aAh@sAXa@x@a@HOr@u@b@a@\\UrAaBp@yAb@a@DQVe@Ts@NQJUR[NOv@e@^a@lByAj@YJSNI^_@^WTWVi@NSVm@D}@h@yAFIN_@Ze@D]j@iAZWx@cALKhBqCHU@QFa@Rs@VSb@I~@CzAMnBCb@DfAT`Ap@`AlBDN|@~Af@~ADt@XjBB^Jd@DEK`BFpACT{@V[G]Bc@Gk@@]Ew@@UDCJB?AESDc@Te@D_@VYVWJ[FSJe@`@IEMJKB[XMPc@Fa@g@Uk@G[ThAA\\Kf@Wl@?LKn@Ud@]^[JGFWJMPKDQDQL?H_@d@a@`@_@Lk@r@e@P_@TS@q@n@ADa@XGTMPY^QNq@zAo@h@a@Lu@dA]n@UDUZSB_Bp@]A_@Hk@p@K^_@f@K?GTQNOBg@\\?n@\\Xd@Hb@?b@O\\E`@DLHLd@CFJVJJDEbAT@ZDJ`@GBDh@Nt@NL?RJHBl@`@HXp@rACd@Qp@NjBIx@_@r@E\\@v@^j@Rn@Rf@t@~@h@xAF\\I`A@h@If@Wt@?v@@^Ip@@ZCHHxA?RCTAv@E^[l@@TMj@KL[KYSICWa@_Bw@YIg@[a@Qg@Ca@Mc@WQCc@g@gAYG]\\Od@If@FAE"",""resource_state"":2}",,,,,everyone,,g6438415,,4021980272,1.279,2.2,58,1,109,146,,1,341.7,160.4,0,0,,12
2,"{""id"":5108599,""resource_state"":1}",Morning Run,10372.1,3303,3340,70,Run,,3761150690,garmin_push_5235831380,4018587841,2020-07-14T13:41:04Z,2020-07-14T06:41:04Z,(GMT-08:00) America/Vancouver,-25200,"[49.263458,-123.132863]","[49.263093,-123.132727]",,,Canada,49.263458,-123.132863,1,4,0,1,0,"{""id"":""a3761150690"",""summary_polyline"":""sztkHtqpnViAFuBIiAHoBMe@JMtBGVW`@g@Y[f@Sl@Wj@]d@y@lAWFc@UAo@g@iAOk@iA_@c@YCEAS\\uAFyBTm@\\]Vq@DoAnAy@Za@Ly@Aw@Sw@y@oA{@aB_@eBYm@Eu@HuB?iAGuBDwCAcCB{@Ps@f@i@Xe@Rw@Fc@Aw@Ku@Ok@o@cBKqBQu@{@mAYm@C{@Fq@Xe@n@Kd@O`@_@L_@DQA{BBw@?}@KgBMe@c@U}@A[I_@c@c@G_@Mu@wAg@?Yc@Uq@c@QWi@e@cBo@uAk@cB]g@KUKu@cAmCI{@Dk@Tm@Fs@Uu@a@iBI}@Ey@YmBKuBS_COq@aA}@Us@Aw@D}@I}B@{@HUb@Ef@@VGDuDEOcAECqAHoECwAGaBUiAC{AIs@C}@O]c@ImA?[LGx@Fx@Lx@Ez@_@\\YFWM]i@Ms@IOkAQqC?[g@[[cAAa@RIt@BlFExBBr@AzBIz@Ul@Mj@@n@G~EPt@b@R`ALLH^b@LZBx@BL`@NXFPr@Hz@f@z@h@lBXl@`@\\Rr@nA~C|@hCHt@?~@E|@[jB?\\^hBClFOt@Uj@WvCCvBFz@Lx@Tj@V`@h@NTj@d@?d@Ib@Bh@Gf@JXf@Tp@r@tAn@bAL\\Lr@Cv@Sj@Wd@mB~CyAvCAz@Ht@DvBZj@`BdBpCdELv@IzAUr@Yj@St@e@jAeBpCUn@Xx@?p@k@v@s@tA[b@a@MIBmAhBYh@aA`@]d@IREl@n@pAKr@[d@e@Pc@MKBGHYdAZf@D^Wl@]d@e@Ha@X_@`@U`@UM]c@[Ga@Ta@Cy@_Ac@SSq@Yo@[e@]_@CSACAHZd@Vz@JLDJd@~B`ClKFn@^dBHTvAjGvAzGlFxUh@dBfA`B`@`@`@XdAd@|@AlAKjAHd@J`@NhAPhA`@vBTV?d@MdBBXWHg@B}@IkBLw@@{@Ey@X]RMDs@B{ACu@K{@Ss@G{@?{@FmD@_A@a@ZaAAyBJsBCUBSNq@`Aq@NWdBq@vA@zAUd@Qr@sABcALy@LGlBEdAPf@Ed@Nd@D|@UPu@@q@KsB"",""resource_state"":2}",,,,,everyone,,g6438415,,4018587841,3.14,4.5,89.1,1,162.4,190,,1,51.7,5.7,0,0,,71
